v182caes,caeslabel,caesletra,caesag,caeslabel_color,caesletra_color,caesag_color,n_obs,income_mean,income_q1,income_median,income_q3,female_pct,male_pct,public_sector_pct,nivel_ed_mean,age_mean,age_median,x,y,community
100,Cultivos agrícolas,"A. Agricultura, Ganadería, Caza, Silvicultura y Pesca","A. Agricultura, Ganadería, Caza, Silvicultura y Pesca","(0.4980392156862745, 0.788235294117647, 0.4980392156862745, 1.0)","(np.float64(0.4980392156862745), np.float64(0.788235294117647), np.float64(0.4980392156862745), np.float64(1.0))","(np.float64(0.4980392156862745), np.float64(0.788235294117647), np.float64(0.4980392156862745), np.float64(1.0))",7,9844.83,4617.25,8234.5,10450.0,14.29,85.71,0.0,5.14,52.29,56.0,-0.0754480889999352,0.4522656737846883,C0
101,Cultivos agrícolas,"A. Agricultura, Ganadería, Caza, Silvicultura y Pesca","A. Agricultura, Ganadería, Caza, Silvicultura y Pesca","(0.4980392156862745, 0.788235294117647, 0.4980392156862745, 1.0)","(np.float64(0.4980392156862745), np.float64(0.788235294117647), np.float64(0.4980392156862745), np.float64(1.0))","(np.float64(0.4980392156862745), np.float64(0.788235294117647), np.float64(0.4980392156862745), np.float64(1.0))",394,4136.42,2000.0,3000.0,5000.0,27.41,72.59,3.55,3.49,48.19,45.0,-0.363742850028081,0.0864908187790797,C0
102,Cría de animales,"A. Agricultura, Ganadería, Caza, Silvicultura y Pesca","A. Agricultura, Ganadería, Caza, Silvicultura y Pesca","(0.4980392156862745, 0.788235294117647, 0.4980392156862745, 1.0)","(np.float64(0.4980392156862745), np.float64(0.788235294117647), np.float64(0.4980392156862745), np.float64(1.0))","(np.float64(0.4980392156862745), np.float64(0.788235294117647), np.float64(0.4980392156862745), np.float64(1.0))",99,6119.51,3000.0,4450.0,6800.0,19.19,80.81,1.01,3.52,51.5,51.0,-0.3170670380500592,0.2317968198139,C0
103,Cultivo de productos agrícolas,"A. Agricultura, Ganadería, Caza, Silvicultura y Pesca","A. Agricultura, Ganadería, Caza, Silvicultura y Pesca","(0.4980392156862745, 0.788235294117647, 0.4980392156862745, 1.0)","(np.float64(0.4980392156862745), np.float64(0.788235294117647), np.float64(0.4980392156862745), np.float64(1.0))","(np.float64(0.4980392156862745), np.float64(0.788235294117647), np.float64(0.4980392156862745), np.float64(1.0))",46,9407.0,3286.5,6000.0,7835.0,13.04,86.96,2.17,4.47,50.34,51.0,-0.3048240565330342,0.267343564369767,C0
104,Servicios agrícolas y pecuarios,"A. Agricultura, Ganadería, Caza, Silvicultura y Pesca","A. Agricultura, Ganadería, Caza, Silvicultura y Pesca","(0.4980392156862745, 0.788235294117647, 0.4980392156862745, 1.0)","(np.float64(0.4980392156862745), np.float64(0.788235294117647), np.float64(0.4980392156862745), np.float64(1.0))","(np.float64(0.4980392156862745), np.float64(0.788235294117647), np.float64(0.4980392156862745), np.float64(1.0))",20,8946.55,4082.5,6331.0,7750.0,25.0,75.0,20.0,4.67,39.53,37.0,-0.072487939749993,0.2812487896258077,C0
200,"Silvicultura, extracción de madera y actividades conexas","A. Agricultura, Ganadería, Caza, Silvicultura y Pesca","A. Agricultura, Ganadería, Caza, Silvicultura y Pesca","(0.4980392156862745, 0.788235294117647, 0.4980392156862745, 1.0)","(np.float64(0.4980392156862745), np.float64(0.788235294117647), np.float64(0.4980392156862745), np.float64(1.0))","(np.float64(0.4980392156862745), np.float64(0.788235294117647), np.float64(0.4980392156862745), np.float64(1.0))",15,5612.8,2625.0,4110.0,5231.25,13.33,86.67,13.33,4.17,42.42,42.5,-0.0222283074239728,0.3918562943075976,C0
300,Pesca y acuicultura,"A. Agricultura, Ganadería, Caza, Silvicultura y Pesca","A. Agricultura, Ganadería, Caza, Silvicultura y Pesca","(0.4980392156862745, 0.788235294117647, 0.4980392156862745, 1.0)","(np.float64(0.4980392156862745), np.float64(0.788235294117647), np.float64(0.4980392156862745), np.float64(1.0))","(np.float64(0.4980392156862745), np.float64(0.788235294117647), np.float64(0.4980392156862745), np.float64(1.0))",11,5659.5,2210.0,4059.5,7012.75,9.09,90.91,0.0,4.2,47.1,42.0,0.2662528069620976,0.3112985346704264,C2
500,Extracción de carbón y lignito,B. Explotación de Minas y Canteras,"BCDEF. Minería, Industria, Electricidad, Saneamiento y Construcción","(0.4980392156862745, 0.788235294117647, 0.4980392156862745, 1.0)","(np.float64(0.4980392156862745), np.float64(0.788235294117647), np.float64(0.4980392156862745), np.float64(1.0))","(np.float64(0.7995721925133692), np.float64(0.7542245989304814), np.float64(0.6305882352941181), np.float64(1.0))",2,6331.0,6331.0,6331.0,6331.0,0.0,100.0,0.0,4.0,27.0,27.0,1.0,0.3588788261150978,C1
600,Extracción de petróleo crudo y gas natural,B. Explotación de Minas y Canteras,"BCDEF. Minería, Industria, Electricidad, Saneamiento y Construcción","(0.4980392156862745, 0.788235294117647, 0.4980392156862745, 1.0)","(np.float64(0.4980392156862745), np.float64(0.788235294117647), np.float64(0.4980392156862745), np.float64(1.0))","(np.float64(0.7995721925133692), np.float64(0.7542245989304814), np.float64(0.6305882352941181), np.float64(1.0))",73,23589.98,8975.0,18500.0,35378.25,4.11,95.89,12.33,4.85,48.17,44.0,-0.1945160955232903,0.0797227970776648,C0
700,Extracción de minerales metalíferos,B. Explotación de Minas y Canteras,"BCDEF. Minería, Industria, Electricidad, Saneamiento y Construcción","(0.4980392156862745, 0.788235294117647, 0.4980392156862745, 1.0)","(np.float64(0.4980392156862745), np.float64(0.788235294117647), np.float64(0.4980392156862745), np.float64(1.0))","(np.float64(0.7995721925133692), np.float64(0.7542245989304814), np.float64(0.6305882352941181), np.float64(1.0))",6,3000.0,3000.0,3000.0,3000.0,16.67,83.33,16.67,9.0,39.0,39.0,0.6523984978534917,0.0251814219425511,C1
800,Explotación de otras minas y canteras,B. Explotación de Minas y Canteras,"BCDEF. Minería, Industria, Electricidad, Saneamiento y Construcción","(0.4980392156862745, 0.788235294117647, 0.4980392156862745, 1.0)","(np.float64(0.4980392156862745), np.float64(0.788235294117647), np.float64(0.4980392156862745), np.float64(1.0))","(np.float64(0.7995721925133692), np.float64(0.7542245989304814), np.float64(0.6305882352941181), np.float64(1.0))",24,6840.28,3250.0,5665.5,10250.0,12.5,87.5,0.0,4.14,50.86,51.0,0.4884729896858464,0.0599649020781627,C1
900,Actividades de Apoyo a la Explotación de Minas y Canteras,B. Explotación de Minas y Canteras,"BCDEF. Minería, Industria, Electricidad, Saneamiento y Construcción","(0.4980392156862745, 0.788235294117647, 0.4980392156862745, 1.0)","(np.float64(0.4980392156862745), np.float64(0.788235294117647), np.float64(0.4980392156862745), np.float64(1.0))","(np.float64(0.7995721925133692), np.float64(0.7542245989304814), np.float64(0.6305882352941181), np.float64(1.0))",14,23210.09,20000.0,23102.0,25676.5,7.14,92.86,7.14,5.21,36.71,36.0,0.6479382647687933,0.1551467494914088,C1
1000,Industria manufacturera (general),C. Industria Manufacturera,"BCDEF. Minería, Industria, Electricidad, Saneamiento y Construcción","(0.4980392156862745, 0.788235294117647, 0.4980392156862745, 1.0)","(np.float64(0.8025535795713638), np.float64(0.7274965800273601), np.float64(0.6561787505699962), np.float64(1.0))","(np.float64(0.7995721925133692), np.float64(0.7542245989304814), np.float64(0.6305882352941181), np.float64(1.0))",61,9969.71,4150.0,7250.0,12378.75,37.7,62.3,0.0,4.31,51.29,47.0,-0.045484211004493,0.1094216524147478,C0
1001,Producción y procesamiento de carne,C. Industria Manufacturera,"BCDEF. Minería, Industria, Electricidad, Saneamiento y Construcción","(0.4980392156862745, 0.788235294117647, 0.4980392156862745, 1.0)","(np.float64(0.8025535795713638), np.float64(0.7274965800273601), np.float64(0.6561787505699962), np.float64(1.0))","(np.float64(0.7995721925133692), np.float64(0.7542245989304814), np.float64(0.6305882352941181), np.float64(1.0))",116,7214.7,3963.5,5275.0,9171.0,23.28,76.72,0.86,3.75,44.31,40.5,-0.3968785429976765,0.0848189615685636,C4
1002,"Preparación de frutas, hortalizas y legumbres",C. Industria Manufacturera,"BCDEF. Minería, Industria, Electricidad, Saneamiento y Construcción","(0.4980392156862745, 0.788235294117647, 0.4980392156862745, 1.0)","(np.float64(0.8025535795713638), np.float64(0.7274965800273601), np.float64(0.6561787505699962), np.float64(1.0))","(np.float64(0.7995721925133692), np.float64(0.7542245989304814), np.float64(0.6305882352941181), np.float64(1.0))",40,5984.33,3048.75,4728.0,9087.5,45.0,55.0,0.0,3.93,53.6,54.0,-0.1571345387365816,0.1783573428455555,C0
1003,Elaboración de productos lácteos,C. Industria Manufacturera,"BCDEF. Minería, Industria, Electricidad, Saneamiento y Construcción","(0.4980392156862745, 0.788235294117647, 0.4980392156862745, 1.0)","(np.float64(0.8025535795713638), np.float64(0.7274965800273601), np.float64(0.6561787505699962), np.float64(1.0))","(np.float64(0.7995721925133692), np.float64(0.7542245989304814), np.float64(0.6305882352941181), np.float64(1.0))",16,12401.0,10000.0,11551.0,13781.0,6.25,93.75,0.0,4.62,44.08,37.0,0.5655676478978571,0.3011624384961853,C2
1009,Elaboración de productos alimenticios,C. Industria Manufacturera,"BCDEF. Minería, Industria, Electricidad, Saneamiento y Construcción","(0.4980392156862745, 0.788235294117647, 0.4980392156862745, 1.0)","(np.float64(0.8025535795713638), np.float64(0.7274965800273601), np.float64(0.6561787505699962), np.float64(1.0))","(np.float64(0.7995721925133692), np.float64(0.7542245989304814), np.float64(0.6305882352941181), np.float64(1.0))",365,5648.67,2500.0,4500.0,8000.0,47.95,52.05,0.27,4.37,41.43,39.0,-0.7064099910945307,-0.0595491000212091,C6
1100,Elaboración de bebidas,C. Industria Manufacturera,"BCDEF. Minería, Industria, Electricidad, Saneamiento y Construcción","(0.4980392156862745, 0.788235294117647, 0.4980392156862745, 1.0)","(np.float64(0.8025535795713638), np.float64(0.7274965800273601), np.float64(0.6561787505699962), np.float64(1.0))","(np.float64(0.7995721925133692), np.float64(0.7542245989304814), np.float64(0.6305882352941181), np.float64(1.0))",83,6582.51,3200.0,5381.0,10000.0,21.69,78.31,0.0,4.49,49.36,47.0,-0.2376459672403382,0.0871516250076425,C0
1200,Elaboración de Productos de Tabaco,C. Industria Manufacturera,"BCDEF. Minería, Industria, Electricidad, Saneamiento y Construcción","(0.4980392156862745, 0.788235294117647, 0.4980392156862745, 1.0)","(np.float64(0.8025535795713638), np.float64(0.7274965800273601), np.float64(0.6561787505699962), np.float64(1.0))","(np.float64(0.7995721925133692), np.float64(0.7542245989304814), np.float64(0.6305882352941181), np.float64(1.0))",3,3866.67,1800.0,1800.0,4900.0,0.0,100.0,0.0,4.33,45.67,44.0,0.7461438569946454,0.3156298382524585,C1
1300,Fabricación de productos textiles,C. Industria Manufacturera,"BCDEF. Minería, Industria, Electricidad, Saneamiento y Construcción","(0.7450980392156863, 0.6823529411764706, 0.8313725490196079, 1.0)","(np.float64(0.8025535795713638), np.float64(0.7274965800273601), np.float64(0.6561787505699962), np.float64(1.0))","(np.float64(0.7995721925133692), np.float64(0.7542245989304814), np.float64(0.6305882352941181), np.float64(1.0))",92,6549.33,3266.25,5081.5,8330.75,59.78,40.22,4.35,4.02,51.67,50.0,0.0040808135528616,-0.1108399704337672,C7
1400,Confección de prendas de vestir,C. Industria Manufacturera,"BCDEF. Minería, Industria, Electricidad, Saneamiento y Construcción","(0.7450980392156863, 0.6823529411764706, 0.8313725490196079, 1.0)","(np.float64(0.8025535795713638), np.float64(0.7274965800273601), np.float64(0.6561787505699962), np.float64(1.0))","(np.float64(0.7995721925133692), np.float64(0.7542245989304814), np.float64(0.6305882352941181), np.float64(1.0))",256,5293.08,2700.0,4274.0,6200.0,80.86,19.14,3.12,4.09,58.63,60.0,-0.0043520806721589,-0.2874605354515295,C7
1501,Curtido y terminación de cueros,C. Industria Manufacturera,"BCDEF. Minería, Industria, Electricidad, Saneamiento y Construcción","(0.7450980392156863, 0.6823529411764706, 0.8313725490196079, 1.0)","(np.float64(0.8025535795713638), np.float64(0.7274965800273601), np.float64(0.6561787505699962), np.float64(1.0))","(np.float64(0.7995721925133692), np.float64(0.7542245989304814), np.float64(0.6305882352941181), np.float64(1.0))",25,5593.4,3935.0,4993.5,7109.25,40.0,60.0,4.0,4.27,50.64,52.0,0.1867691022042306,-0.0446841779653714,C7
1502,Fabricación de calzado y sus partes,C. Industria Manufacturera,"BCDEF. Minería, Industria, Electricidad, Saneamiento y Construcción","(0.7450980392156863, 0.6823529411764706, 0.8313725490196079, 1.0)","(np.float64(0.8025535795713638), np.float64(0.7274965800273601), np.float64(0.6561787505699962), np.float64(1.0))","(np.float64(0.7995721925133692), np.float64(0.7542245989304814), np.float64(0.6305882352941181), np.float64(1.0))",61,5176.82,2468.0,3800.0,6857.0,49.18,50.82,4.92,4.0,42.68,37.0,-0.1315239185540293,-0.1161156905232184,C7
1600,Producción de madera y materiales de construcción,C. Industria Manufacturera,"BCDEF. Minería, Industria, Electricidad, Saneamiento y Construcción","(0.7450980392156863, 0.6823529411764706, 0.8313725490196079, 1.0)","(np.float64(0.8025535795713638), np.float64(0.7274965800273601), np.float64(0.6561787505699962), np.float64(1.0))","(np.float64(0.7995721925133692), np.float64(0.7542245989304814), np.float64(0.6305882352941181), np.float64(1.0))",76,6084.49,2800.0,5000.0,8470.5,9.21,90.79,7.89,3.52,42.22,40.0,0.0347805116772516,-0.5494373135744078,C7
1700,Fabricación de papel y productos de papel,C. Industria Manufacturera,"BCDEF. Minería, Industria, Electricidad, Saneamiento y Construcción","(0.7450980392156863, 0.6823529411764706, 0.8313725490196079, 1.0)","(np.float64(0.8025535795713638), np.float64(0.7274965800273601), np.float64(0.6561787505699962), np.float64(1.0))","(np.float64(0.7995721925133692), np.float64(0.7542245989304814), np.float64(0.6305882352941181), np.float64(1.0))",27,8204.47,4737.0,6000.0,10000.0,37.04,62.96,0.0,4.39,49.83,43.0,0.445148687803472,0.083285333715357,C1
1800,Actividades de impresión,C. Industria Manufacturera,"BCDEF. Minería, Industria, Electricidad, Saneamiento y Construcción","(0.7450980392156863, 0.6823529411764706, 0.8313725490196079, 1.0)","(np.float64(0.8025535795713638), np.float64(0.7274965800273601), np.float64(0.6561787505699962), np.float64(1.0))","(np.float64(0.7995721925133692), np.float64(0.7542245989304814), np.float64(0.6305882352941181), np.float64(1.0))",40,7996.6,4990.25,7401.5,9372.0,27.5,72.5,5.0,5.19,40.81,37.0,0.0526465770626775,-0.2107391947724373,C5
1902,Fabricación de productos de la refinación del petróleo,C. Industria Manufacturera,"BCDEF. Minería, Industria, Electricidad, Saneamiento y Construcción","(0.7450980392156863, 0.6823529411764706, 0.8313725490196079, 1.0)","(np.float64(0.8025535795713638), np.float64(0.7274965800273601), np.float64(0.6561787505699962), np.float64(1.0))","(np.float64(0.7995721925133692), np.float64(0.7542245989304814), np.float64(0.6305882352941181), np.float64(1.0))",19,11837.75,6216.0,10025.5,15520.75,10.53,89.47,31.58,6.0,44.29,38.0,0.6302237053806079,0.2230477370491932,C1
2000,Fabricación de Sustancias y Productos Químicos,C. Industria Manufacturera,"BCDEF. Minería, Industria, Electricidad, Saneamiento y Construcción","(0.7450980392156863, 0.6823529411764706, 0.8313725490196079, 1.0)","(np.float64(0.8025535795713638), np.float64(0.7274965800273601), np.float64(0.6561787505699962), np.float64(1.0))","(np.float64(0.7995721925133692), np.float64(0.7542245989304814), np.float64(0.6305882352941181), np.float64(1.0))",13,10507.85,5000.0,8000.0,13716.0,7.69,92.31,23.08,5.31,51.0,53.0,0.59844524225044,0.342868742917702,C2
2001,Fabricación de pinturas y barnices,C. Industria Manufacturera,"BCDEF. Minería, Industria, Electricidad, Saneamiento y Construcción","(0.7450980392156863, 0.6823529411764706, 0.8313725490196079, 1.0)","(np.float64(0.8025535795713638), np.float64(0.7274965800273601), np.float64(0.6561787505699962), np.float64(1.0))","(np.float64(0.7995721925133692), np.float64(0.7542245989304814), np.float64(0.6305882352941181), np.float64(1.0))",6,7980.6,4000.0,7480.0,12466.0,16.67,83.33,0.0,4.6,47.2,42.0,0.6772637856666152,0.3842685971206931,C2
2002,Fabricación de jabones y detergentes,C. Industria Manufacturera,"BCDEF. Minería, Industria, Electricidad, Saneamiento y Construcción","(0.7450980392156863, 0.6823529411764706, 0.8313725490196079, 1.0)","(np.float64(0.8025535795713638), np.float64(0.7274965800273601), np.float64(0.6561787505699962), np.float64(1.0))","(np.float64(0.7995721925133692), np.float64(0.7542245989304814), np.float64(0.6305882352941181), np.float64(1.0))",15,8606.3,4715.0,6858.5,8856.75,40.0,60.0,6.67,5.18,49.27,43.0,0.6944516463208215,0.3430207372834355,C2
2009,Fabricación de otros productos químicos n.c.p.,C. Industria Manufacturera,"BCDEF. Minería, Industria, Electricidad, Saneamiento y Construcción","(0.7450980392156863, 0.6823529411764706, 0.8313725490196079, 1.0)","(np.float64(0.8025535795713638), np.float64(0.7274965800273601), np.float64(0.6561787505699962), np.float64(1.0))","(np.float64(0.7995721925133692), np.float64(0.7542245989304814), np.float64(0.6305882352941181), np.float64(1.0))",18,13263.61,6175.0,8500.0,12787.0,16.67,83.33,11.11,5.0,51.11,51.0,0.5855902025470565,0.200638044558382,C1
2100,Fabricación de productos farmacéuticos,C. Industria Manufacturera,"BCDEF. Minería, Industria, Electricidad, Saneamiento y Construcción","(0.7450980392156863, 0.6823529411764706, 0.8313725490196079, 1.0)","(np.float64(0.8025535795713638), np.float64(0.7274965800273601), np.float64(0.6561787505699962), np.float64(1.0))","(np.float64(0.7995721925133692), np.float64(0.7542245989304814), np.float64(0.6305882352941181), np.float64(1.0))",42,8895.03,5000.0,8000.0,12467.0,40.48,59.52,9.52,6.4,45.97,44.0,0.8139201762193596,0.4228110529314051,C2
2201,Fabricación de productos de caucho,C. Industria Manufacturera,"BCDEF. Minería, Industria, Electricidad, Saneamiento y Construcción","(0.7450980392156863, 0.6823529411764706, 0.8313725490196079, 1.0)","(np.float64(0.8025535795713638), np.float64(0.7274965800273601), np.float64(0.6561787505699962), np.float64(1.0))","(np.float64(0.7995721925133692), np.float64(0.7542245989304814), np.float64(0.6305882352941181), np.float64(1.0))",10,8417.2,7000.0,8086.0,9000.0,10.0,90.0,0.0,3.57,38.71,33.0,-0.1137275475836657,0.5607951046069621,C0
2202,Fabricación de productos de plástico,C. Industria Manufacturera,"BCDEF. Minería, Industria, Electricidad, Saneamiento y Construcción","(0.7450980392156863, 0.6823529411764706, 0.8313725490196079, 1.0)","(np.float64(0.8025535795713638), np.float64(0.7274965800273601), np.float64(0.6561787505699962), np.float64(1.0))","(np.float64(0.7995721925133692), np.float64(0.7542245989304814), np.float64(0.6305882352941181), np.float64(1.0))",51,8359.27,4363.0,6000.0,9973.0,21.57,78.43,1.96,4.6,46.16,44.0,-0.0051435164377994,-0.0187840401394654,C0
2301,Fabricación de vidrio,C. Industria Manufacturera,"BCDEF. Minería, Industria, Electricidad, Saneamiento y Construcción","(0.7450980392156863, 0.6823529411764706, 0.8313725490196079, 1.0)","(np.float64(0.8025535795713638), np.float64(0.7274965800273601), np.float64(0.6561787505699962), np.float64(1.0))","(np.float64(0.7995721925133692), np.float64(0.7542245989304814), np.float64(0.6305882352941181), np.float64(1.0))",14,6291.67,3239.0,7000.0,10000.0,21.43,78.57,0.0,5.33,43.0,32.0,0.5655645197319967,0.3586025526040357,C2
2309,Fabricación de productos minerales no metálicos,C. Industria Manufacturera,"BCDEF. Minería, Industria, Electricidad, Saneamiento y Construcción","(0.7450980392156863, 0.6823529411764706, 0.8313725490196079, 1.0)","(np.float64(0.8025535795713638), np.float64(0.7274965800273601), np.float64(0.6561787505699962), np.float64(1.0))","(np.float64(0.7995721925133692), np.float64(0.7542245989304814), np.float64(0.6305882352941181), np.float64(1.0))",85,6087.31,2655.0,5000.0,7840.0,14.29,85.71,3.53,3.97,42.99,38.0,-0.3195430388177316,0.0719530576390432,C0
2400,Fabricación de metales,C. Industria Manufacturera,"BCDEF. Minería, Industria, Electricidad, Saneamiento y Construcción","(0.7450980392156863, 0.6823529411764706, 0.8313725490196079, 1.0)","(np.float64(0.8025535795713638), np.float64(0.7274965800273601), np.float64(0.6561787505699962), np.float64(1.0))","(np.float64(0.7995721925133692), np.float64(0.7542245989304814), np.float64(0.6305882352941181), np.float64(1.0))",48,6516.0,3082.5,6000.0,8500.0,12.5,87.5,8.33,4.33,53.0,53.0,-0.0660768643385213,0.1928191381723259,C0
2500,Fabricación de productos elaborados de metal,C. Industria Manufacturera,"BCDEF. Minería, Industria, Electricidad, Saneamiento y Construcción","(0.9921568627450981, 0.7529411764705882, 0.5254901960784314, 1.0)","(np.float64(0.8025535795713638), np.float64(0.7274965800273601), np.float64(0.6561787505699962), np.float64(1.0))","(np.float64(0.7995721925133692), np.float64(0.7542245989304814), np.float64(0.6305882352941181), np.float64(1.0))",254,6760.39,3693.0,5393.0,9000.0,9.06,90.94,3.15,4.48,46.13,45.5,-0.1585375880274727,0.1185250555475295,C0
2601,Fabricación de componentes electrónicos,C. Industria Manufacturera,"BCDEF. Minería, Industria, Electricidad, Saneamiento y Construcción","(0.9921568627450981, 0.7529411764705882, 0.5254901960784314, 1.0)","(np.float64(0.8025535795713638), np.float64(0.7274965800273601), np.float64(0.6561787505699962), np.float64(1.0))","(np.float64(0.7995721925133692), np.float64(0.7542245989304814), np.float64(0.6305882352941181), np.float64(1.0))",8,9286.75,8950.0,10173.5,10510.25,50.0,50.0,12.5,6.4,52.2,54.0,-0.1451209217622398,0.4702340747819902,C0
2603,Fabricación de equipos y aparatos de radio,C. Industria Manufacturera,"BCDEF. Minería, Industria, Electricidad, Saneamiento y Construcción","(0.9921568627450981, 0.7529411764705882, 0.5254901960784314, 1.0)","(np.float64(0.8025535795713638), np.float64(0.7274965800273601), np.float64(0.6561787505699962), np.float64(1.0))","(np.float64(0.7995721925133692), np.float64(0.7542245989304814), np.float64(0.6305882352941181), np.float64(1.0))",10,30000.0,30000.0,30000.0,30000.0,50.0,50.0,0.0,6.67,48.33,45.0,-0.1486371650267298,0.386818301810489,C0
2604,"Fabricación de equipos electromédicos, ópticos y de precisión ",C. Industria Manufacturera,"BCDEF. Minería, Industria, Electricidad, Saneamiento y Construcción","(0.9921568627450981, 0.7529411764705882, 0.5254901960784314, 1.0)","(np.float64(0.8025535795713638), np.float64(0.7274965800273601), np.float64(0.6561787505699962), np.float64(1.0))","(np.float64(0.7995721925133692), np.float64(0.7542245989304814), np.float64(0.6305882352941181), np.float64(1.0))",1,5859.0,5859.0,5859.0,5859.0,0.0,100.0,0.0,4.0,72.0,72.0,0.6634291406421241,0.4917154701894703,C2
2700,Fabricación de Maquinaria y Equipos Eléctricos,C. Industria Manufacturera,"BCDEF. Minería, Industria, Electricidad, Saneamiento y Construcción","(0.9921568627450981, 0.7529411764705882, 0.5254901960784314, 1.0)","(np.float64(0.8025535795713638), np.float64(0.7274965800273601), np.float64(0.6561787505699962), np.float64(1.0))","(np.float64(0.7995721925133692), np.float64(0.7542245989304814), np.float64(0.6305882352941181), np.float64(1.0))",3,7833.33,7250.0,8500.0,8750.0,0.0,100.0,0.0,6.0,30.0,31.0,0.5414951687051718,0.1013022244873531,C1
2701,Fabricación de aparatos de uso doméstico,C. Industria Manufacturera,"BCDEF. Minería, Industria, Electricidad, Saneamiento y Construcción","(0.9921568627450981, 0.7529411764705882, 0.5254901960784314, 1.0)","(np.float64(0.8025535795713638), np.float64(0.7274965800273601), np.float64(0.6561787505699962), np.float64(1.0))","(np.float64(0.7995721925133692), np.float64(0.7542245989304814), np.float64(0.6305882352941181), np.float64(1.0))",24,11848.76,4220.0,7000.0,20700.0,25.0,75.0,0.0,5.19,37.38,32.0,-0.1130634624854575,0.2838131801026956,C0
2709,Fabricación de otras maquinarias y equipos,C. Industria Manufacturera,"BCDEF. Minería, Industria, Electricidad, Saneamiento y Construcción","(0.9921568627450981, 0.7529411764705882, 0.5254901960784314, 1.0)","(np.float64(0.8025535795713638), np.float64(0.7274965800273601), np.float64(0.6561787505699962), np.float64(1.0))","(np.float64(0.7995721925133692), np.float64(0.7542245989304814), np.float64(0.6305882352941181), np.float64(1.0))",10,4450.43,3032.5,3165.0,4638.0,50.0,50.0,0.0,5.0,55.86,52.0,0.577749480086036,0.1319685296587247,C1
2800,Fabricación de maquinarias y equipos,C. Industria Manufacturera,"BCDEF. Minería, Industria, Electricidad, Saneamiento y Construcción","(0.9921568627450981, 0.7529411764705882, 0.5254901960784314, 1.0)","(np.float64(0.8025535795713638), np.float64(0.7274965800273601), np.float64(0.6561787505699962), np.float64(1.0))","(np.float64(0.7995721925133692), np.float64(0.7542245989304814), np.float64(0.6305882352941181), np.float64(1.0))",13,7901.2,4472.25,5693.0,9303.75,15.38,84.62,7.69,5.45,48.45,54.0,0.6115155496771283,0.4289890333544632,C2
2900,Fabricación de vehículos automotores,C. Industria Manufacturera,"BCDEF. Minería, Industria, Electricidad, Saneamiento y Construcción","(0.9921568627450981, 0.7529411764705882, 0.5254901960784314, 1.0)","(np.float64(0.8025535795713638), np.float64(0.7274965800273601), np.float64(0.6561787505699962), np.float64(1.0))","(np.float64(0.7995721925133692), np.float64(0.7542245989304814), np.float64(0.6305882352941181), np.float64(1.0))",49,7100.57,3200.0,5000.0,9973.0,20.41,79.59,4.08,5.14,54.19,56.0,-0.0554332180649827,0.0713148721137884,C0
3001,Construcción de buques y otras embarcaciones,C. Industria Manufacturera,"BCDEF. Minería, Industria, Electricidad, Saneamiento y Construcción","(0.9921568627450981, 0.7529411764705882, 0.5254901960784314, 1.0)","(np.float64(0.8025535795713638), np.float64(0.7274965800273601), np.float64(0.6561787505699962), np.float64(1.0))","(np.float64(0.7995721925133692), np.float64(0.7542245989304814), np.float64(0.6305882352941181), np.float64(1.0))",8,8038.2,7000.0,7000.0,7670.0,12.5,87.5,37.5,5.17,33.0,33.5,-0.0986374293536505,0.4031653965743849,C0
3003,Fabricación de aeronaves,C. Industria Manufacturera,"BCDEF. Minería, Industria, Electricidad, Saneamiento y Construcción","(0.9921568627450981, 0.7529411764705882, 0.5254901960784314, 1.0)","(np.float64(0.8025535795713638), np.float64(0.7274965800273601), np.float64(0.6561787505699962), np.float64(1.0))","(np.float64(0.7995721925133692), np.float64(0.7542245989304814), np.float64(0.6305882352941181), np.float64(1.0))",1,5984.0,5984.0,5984.0,5984.0,0.0,100.0,100.0,7.0,85.0,85.0,0.659042507620705,0.567723855065297,C2
3009,Fabricación de otros equipos de transporte n.c.p.,C. Industria Manufacturera,"BCDEF. Minería, Industria, Electricidad, Saneamiento y Construcción","(0.9921568627450981, 0.7529411764705882, 0.5254901960784314, 1.0)","(np.float64(0.8025535795713638), np.float64(0.7274965800273601), np.float64(0.6561787505699962), np.float64(1.0))","(np.float64(0.7995721925133692), np.float64(0.7542245989304814), np.float64(0.6305882352941181), np.float64(1.0))",2,4350.0,4175.0,4350.0,4525.0,0.0,100.0,0.0,3.0,23.0,23.0,-0.1435693925115945,0.5273290281632439,C0
3100,Fabricación de muebles y colchones,C. Industria Manufacturera,"BCDEF. Minería, Industria, Electricidad, Saneamiento y Construcción","(0.9921568627450981, 0.7529411764705882, 0.5254901960784314, 1.0)","(np.float64(0.8025535795713638), np.float64(0.7274965800273601), np.float64(0.6561787505699962), np.float64(1.0))","(np.float64(0.7995721925133692), np.float64(0.7542245989304814), np.float64(0.6305882352941181), np.float64(1.0))",142,6395.22,2850.0,4993.5,7480.0,9.86,90.14,2.11,4.03,45.37,46.0,0.0029056322063248,-0.4204611438182494,C7
3200,Industrias manufactureras n.c.p,C. Industria Manufacturera,"BCDEF. Minería, Industria, Electricidad, Saneamiento y Construcción","(0.9921568627450981, 0.7529411764705882, 0.5254901960784314, 1.0)","(np.float64(0.8025535795713638), np.float64(0.7274965800273601), np.float64(0.6561787505699962), np.float64(1.0))","(np.float64(0.7995721925133692), np.float64(0.7542245989304814), np.float64(0.6305882352941181), np.float64(1.0))",69,6436.69,3000.0,5400.0,8727.0,50.72,49.28,2.9,5.21,42.93,37.0,-0.0265278375143935,0.059786991642086,C0
3300,"Mantenimiento, reparación e instalación de maquinaria y equipo",C. Industria Manufacturera,"BCDEF. Minería, Industria, Electricidad, Saneamiento y Construcción","(0.9921568627450981, 0.7529411764705882, 0.5254901960784314, 1.0)","(np.float64(0.8025535795713638), np.float64(0.7274965800273601), np.float64(0.6561787505699962), np.float64(1.0))","(np.float64(0.7995721925133692), np.float64(0.7542245989304814), np.float64(0.6305882352941181), np.float64(1.0))",39,9126.64,4600.0,8000.0,13000.0,7.69,92.31,7.69,5.42,46.32,42.0,0.0201257905128815,0.1736278351821404,C0
3502,Fabricación de gas,"D. Suministro de Electricidad, Gas, Vapor y Aire Acondicionado ","BCDEF. Minería, Industria, Electricidad, Saneamiento y Construcción","(0.9921568627450981, 0.7529411764705882, 0.5254901960784314, 1.0)","(np.float64(0.9921568627450981), np.float64(0.7529411764705882), np.float64(0.5254901960784314), np.float64(1.0))","(np.float64(0.7995721925133692), np.float64(0.7542245989304814), np.float64(0.6305882352941181), np.float64(1.0))",23,9756.31,6331.0,9680.0,12000.0,17.39,82.61,30.43,3.75,44.25,43.0,0.5066077593491262,0.140078380632243,C1
3600,"Captación, tratamiento y suministro de agua",E. Suministro De Agua,"BCDEF. Minería, Industria, Electricidad, Saneamiento y Construcción","(0.9921568627450981, 0.7529411764705882, 0.5254901960784314, 1.0)","(np.float64(0.9980392156862745), np.float64(0.9382352941176471), np.float64(0.5813725490196079), np.float64(1.0))","(np.float64(0.7995721925133692), np.float64(0.7542245989304814), np.float64(0.6305882352941181), np.float64(1.0))",45,8840.14,4389.0,7000.0,12000.0,17.78,82.22,53.33,4.73,50.97,45.0,0.3311611644009052,0.0839050458298173,C1
3700,Alcantarillado,E. Suministro De Agua,"BCDEF. Minería, Industria, Electricidad, Saneamiento y Construcción","(1.0, 1.0, 0.6, 1.0)","(np.float64(0.9980392156862745), np.float64(0.9382352941176471), np.float64(0.5813725490196079), np.float64(1.0))","(np.float64(0.7995721925133692), np.float64(0.7542245989304814), np.float64(0.6305882352941181), np.float64(1.0))",2,3350.0,3275.0,3350.0,3425.0,0.0,100.0,100.0,3.0,62.0,62.0,0.5691126034973426,0.0292561082279555,C1
3800,"Recolección, tratamiento y eliminación de desechos",E. Suministro De Agua,"BCDEF. Minería, Industria, Electricidad, Saneamiento y Construcción","(1.0, 1.0, 0.6, 1.0)","(np.float64(0.9980392156862745), np.float64(0.9382352941176471), np.float64(0.5813725490196079), np.float64(1.0))","(np.float64(0.7995721925133692), np.float64(0.7542245989304814), np.float64(0.6305882352941181), np.float64(1.0))",80,6850.43,1935.0,4642.0,7205.5,18.75,81.25,40.0,3.32,39.64,37.5,0.0188373932936358,0.0218800582448917,C3
3900,Actividades de saneamiento,E. Suministro De Agua,"BCDEF. Minería, Industria, Electricidad, Saneamiento y Construcción","(1.0, 1.0, 0.6, 1.0)","(np.float64(0.9980392156862745), np.float64(0.9382352941176471), np.float64(0.5813725490196079), np.float64(1.0))","(np.float64(0.7995721925133692), np.float64(0.7542245989304814), np.float64(0.6305882352941181), np.float64(1.0))",5,6309.25,3810.25,6250.0,8749.0,20.0,80.0,60.0,4.75,48.25,47.0,0.3663442248182436,0.0801633106475946,C1
4000,Construcción,F. Construcción,"BCDEF. Minería, Industria, Electricidad, Saneamiento y Construcción","(1.0, 1.0, 0.6, 1.0)","(np.float64(1.0), np.float64(1.0), np.float64(0.6), np.float64(1.0))","(np.float64(0.7995721925133692), np.float64(0.7542245989304814), np.float64(0.6305882352941181), np.float64(1.0))",2009,5623.31,2709.0,4220.0,7000.0,3.93,96.07,6.67,3.82,40.16,37.0,-0.5971329361840366,-0.4152945736314546,C3
4501,Venta de vehículos automotores,G. Comercio al por Mayor y al por Menor,"GI. Comercio, alojamiento y comidas","(1.0, 1.0, 0.6, 1.0)","(np.float64(1.0), np.float64(1.0), np.float64(0.5999999999999999), np.float64(1.0))","(np.float64(0.8767801857585138), np.float64(0.9089783281733744), np.float64(0.6142414860681111), np.float64(1.0))",73,7464.48,3000.0,6192.5,10085.0,23.29,76.71,0.0,5.35,42.38,40.0,-0.5171785536954138,0.0134219045312172,C4
4502,Reparación de vehículos,G. Comercio al por Mayor y al por Menor,"GI. Comercio, alojamiento y comidas","(1.0, 1.0, 0.6, 1.0)","(np.float64(1.0), np.float64(1.0), np.float64(0.5999999999999999), np.float64(1.0))","(np.float64(0.8767801857585138), np.float64(0.9089783281733744), np.float64(0.6142414860681111), np.float64(1.0))",367,5853.62,2500.0,4983.5,7495.0,5.72,94.28,0.27,4.05,42.12,41.0,-0.4211595589983568,-0.1419287066154201,C4
4503,"Venta de partes, piezas y accesorios de vehículos",G. Comercio al por Mayor y al por Menor,"GI. Comercio, alojamiento y comidas","(1.0, 1.0, 0.6, 1.0)","(np.float64(1.0), np.float64(1.0), np.float64(0.5999999999999999), np.float64(1.0))","(np.float64(0.8767801857585138), np.float64(0.9089783281733744), np.float64(0.6142414860681111), np.float64(1.0))",48,8411.56,4165.0,6665.0,10950.75,16.67,83.33,0.0,5.05,44.68,43.5,-0.4868375108316287,0.0058835134053192,C4
4504,"Venta, mantenimiento y reparación de motocicletas",G. Comercio al por Mayor y al por Menor,"GI. Comercio, alojamiento y comidas","(1.0, 1.0, 0.6, 1.0)","(np.float64(1.0), np.float64(1.0), np.float64(0.5999999999999999), np.float64(1.0))","(np.float64(0.8767801857585138), np.float64(0.9089783281733744), np.float64(0.6142414860681111), np.float64(1.0))",57,4444.55,2000.0,2800.0,6000.0,5.26,94.74,0.0,3.56,35.9,30.0,-0.3855453906671245,-0.0125075871808995,C4
4800,Comercio (general),G. Comercio al por Mayor y al por Menor,"GI. Comercio, alojamiento y comidas","(1.0, 1.0, 0.6, 1.0)","(np.float64(1.0), np.float64(1.0), np.float64(0.5999999999999999), np.float64(1.0))","(np.float64(0.8767801857585138), np.float64(0.9089783281733744), np.float64(0.6142414860681111), np.float64(1.0))",395,6278.62,2500.0,5000.0,8000.0,54.82,45.18,0.0,5.05,41.28,39.0,-0.6823450871111949,-0.0959765259368831,C6
4801,Comercio de intermediación,G. Comercio al por Mayor y al por Menor,"GI. Comercio, alojamiento y comidas","(1.0, 1.0, 0.6, 1.0)","(np.float64(1.0), np.float64(1.0), np.float64(0.5999999999999999), np.float64(1.0))","(np.float64(0.8767801857585138), np.float64(0.9089783281733744), np.float64(0.6142414860681111), np.float64(1.0))",122,7012.09,3000.0,6233.0,9973.0,28.69,71.31,0.0,5.14,38.04,33.5,-0.4755251095464894,-0.0026596175374655,C4
4802,Comercio de materias primas agropecuarias,G. Comercio al por Mayor y al por Menor,"GI. Comercio, alojamiento y comidas","(1.0, 1.0, 0.6, 1.0)","(np.float64(1.0), np.float64(1.0), np.float64(0.5999999999999999), np.float64(1.0))","(np.float64(0.8767801857585138), np.float64(0.9089783281733744), np.float64(0.6142414860681111), np.float64(1.0))",58,4395.9,1875.0,3700.0,5625.0,48.28,51.72,0.0,4.02,38.5,35.0,-0.4974739782663311,0.029552149161492,C4
4803,Comercio alimentos/bebidas,G. Comercio al por Mayor y al por Menor,"GI. Comercio, alojamiento y comidas","(1.0, 1.0, 0.6, 1.0)","(np.float64(1.0), np.float64(1.0), np.float64(0.5999999999999999), np.float64(1.0))","(np.float64(0.8767801857585138), np.float64(0.9089783281733744), np.float64(0.6142414860681111), np.float64(1.0))",492,4580.97,2000.0,3165.0,6000.0,52.03,47.97,0.81,4.33,38.72,35.0,-0.690689391123923,-0.1236367723242702,C6
4804,Comercio textiles y avíos,G. Comercio al por Mayor y al por Menor,"GI. Comercio, alojamiento y comidas","(1.0, 1.0, 0.6, 1.0)","(np.float64(1.0), np.float64(1.0), np.float64(0.5999999999999999), np.float64(1.0))","(np.float64(0.8767801857585138), np.float64(0.9089783281733744), np.float64(0.6142414860681111), np.float64(1.0))",420,4722.41,2000.0,4000.0,6912.0,80.24,19.76,0.24,4.91,38.25,33.0,-0.7201905725825456,-0.0991016264202364,C6
4805,Comercio de materiales de construcción,G. Comercio al por Mayor y al por Menor,"GI. Comercio, alojamiento y comidas","(1.0, 1.0, 0.6, 1.0)","(np.float64(1.0), np.float64(1.0), np.float64(0.5999999999999999), np.float64(1.0))","(np.float64(0.8767801857585138), np.float64(0.9089783281733744), np.float64(0.6142414860681111), np.float64(1.0))",104,6755.66,3271.0,6000.0,8019.0,21.15,78.85,0.0,4.71,45.73,46.5,-0.5460359342000773,-0.0276108789717766,C4
4806,Comercio de combustibles para vehículos,G. Comercio al por Mayor y al por Menor,"GI. Comercio, alojamiento y comidas","(1.0, 1.0, 0.6, 1.0)","(np.float64(1.0), np.float64(1.0), np.float64(0.5999999999999999), np.float64(1.0))","(np.float64(0.8767801857585138), np.float64(0.9089783281733744), np.float64(0.6142414860681111), np.float64(1.0))",68,7210.6,4215.5,7000.0,8500.0,36.76,63.24,5.88,4.87,41.13,38.0,-0.5899783713109458,-0.0041113840663922,C4
4807,Comercio mercaderías n.c.p.,G. Comercio al por Mayor y al por Menor,"GI. Comercio, alojamiento y comidas","(1.0, 1.0, 0.6, 1.0)","(np.float64(1.0), np.float64(1.0), np.float64(0.5999999999999999), np.float64(1.0))","(np.float64(0.8767801857585138), np.float64(0.9089783281733744), np.float64(0.6142414860681111), np.float64(1.0))",419,5968.73,3000.0,4826.5,8000.0,51.31,48.69,0.0,5.23,44.48,44.0,-0.665260020733141,-0.0820107045672513,C6
4808,Tiendas no especializadas,G. Comercio al por Mayor y al por Menor,"GI. Comercio, alojamiento y comidas","(1.0, 1.0, 0.6, 1.0)","(np.float64(1.0), np.float64(1.0), np.float64(0.5999999999999999), np.float64(1.0))","(np.float64(0.8767801857585138), np.float64(0.9089783281733744), np.float64(0.6142414860681111), np.float64(1.0))",649,5676.83,2600.0,4537.0,7500.0,62.1,37.9,0.15,4.41,41.04,39.0,-0.7214132795073712,-0.1166516681686602,C6
4809,Tiendas no especializadas sin predomina,G. Comercio al por Mayor y al por Menor,"GI. Comercio, alojamiento y comidas","(1.0, 1.0, 0.6, 1.0)","(np.float64(1.0), np.float64(1.0), np.float64(0.5999999999999999), np.float64(1.0))","(np.float64(0.8767801857585138), np.float64(0.9089783281733744), np.float64(0.6142414860681111), np.float64(1.0))",87,5771.31,2115.0,4114.0,8000.0,51.72,48.28,0.0,5.26,41.98,40.0,-0.5382512650676423,-0.0077979933537555,C4
4810,Venta al por menor en puestos móviles y,G. Comercio al por Mayor y al por Menor,"GI. Comercio, alojamiento y comidas","(1.0, 1.0, 0.6, 1.0)","(np.float64(1.0), np.float64(1.0), np.float64(0.5999999999999999), np.float64(1.0))","(np.float64(0.8767801857585138), np.float64(0.9089783281733744), np.float64(0.6142414860681111), np.float64(1.0))",135,4015.9,1810.0,3000.0,4874.0,48.15,51.85,0.0,3.94,43.93,43.0,-0.6043578917204014,0.0156663513930331,C4
4811,Venta al por menor por correo o televisión,G. Comercio al por Mayor y al por Menor,"GI. Comercio, alojamiento y comidas","(1.0, 1.0, 0.6, 1.0)","(np.float64(1.0), np.float64(1.0), np.float64(0.5999999999999999), np.float64(1.0))","(np.float64(0.8767801857585138), np.float64(0.9089783281733744), np.float64(0.6142414860681111), np.float64(1.0))",48,2684.67,750.0,1541.5,3825.0,70.83,29.17,0.0,4.39,40.5,37.0,-0.5658679362601918,0.0478399416244615,C4
4900,Transporte (general),H. Transporte y Almacenamiento,H. Transporte y Almacenamiento,"(0.2196078431372549, 0.4235294117647059, 0.6901960784313725, 1.0)","(np.float64(0.21960784313725498), np.float64(0.4235294117647058), np.float64(0.6901960784313727), np.float64(1.0))","(np.float64(0.21960784313725498), np.float64(0.4235294117647058), np.float64(0.6901960784313727), np.float64(1.0))",13,13851.3,5932.75,8698.0,12251.75,23.08,76.92,0.0,5.08,39.5,39.0,0.5643678894683994,0.4447485932535472,C2
4901,Transporte ferroviario,H. Transporte y Almacenamiento,H. Transporte y Almacenamiento,"(0.2196078431372549, 0.4235294117647059, 0.6901960784313725, 1.0)","(np.float64(0.21960784313725498), np.float64(0.4235294117647058), np.float64(0.6901960784313727), np.float64(1.0))","(np.float64(0.21960784313725498), np.float64(0.4235294117647058), np.float64(0.6901960784313727), np.float64(1.0))",56,7764.7,4006.75,6233.0,10000.0,3.57,96.43,75.0,4.23,62.17,66.0,-0.0402080750794612,0.2204966267553108,C0
4902,Transporte por metro,H. Transporte y Almacenamiento,H. Transporte y Almacenamiento,"(0.2196078431372549, 0.4235294117647059, 0.6901960784313725, 1.0)","(np.float64(0.21960784313725498), np.float64(0.4235294117647058), np.float64(0.6901960784313727), np.float64(1.0))","(np.float64(0.21960784313725498), np.float64(0.4235294117647058), np.float64(0.6901960784313727), np.float64(1.0))",3,8000.0,8000.0,8000.0,8000.0,0.0,100.0,0.0,5.0,42.0,42.0,0.9135028391774058,0.3324449801706682,C1
4903,Transporte de pasajeros,H. Transporte y Almacenamiento,H. Transporte y Almacenamiento,"(0.2196078431372549, 0.4235294117647059, 0.6901960784313725, 1.0)","(np.float64(0.21960784313725498), np.float64(0.4235294117647058), np.float64(0.6901960784313727), np.float64(1.0))","(np.float64(0.21960784313725498), np.float64(0.4235294117647058), np.float64(0.6901960784313727), np.float64(1.0))",409,7489.21,3729.0,6000.0,9241.0,7.09,92.91,6.11,4.3,46.15,46.0,-0.4247681944763476,-0.2342258550467057,C3
4904,Transporte automotor de cargas,H. Transporte y Almacenamiento,H. Transporte y Almacenamiento,"(0.2196078431372549, 0.4235294117647059, 0.6901960784313725, 1.0)","(np.float64(0.21960784313725498), np.float64(0.4235294117647058), np.float64(0.6901960784313727), np.float64(1.0))","(np.float64(0.21960784313725498), np.float64(0.4235294117647058), np.float64(0.6901960784313727), np.float64(1.0))",272,9369.03,4000.0,7000.0,11551.0,6.25,93.75,5.15,3.87,47.36,48.0,-0.3195113257369634,-0.0652336558459613,C3
4909,Transporte terrestre n.c.p.,H. Transporte y Almacenamiento,H. Transporte y Almacenamiento,"(0.2196078431372549, 0.4235294117647059, 0.6901960784313725, 1.0)","(np.float64(0.21960784313725498), np.float64(0.4235294117647058), np.float64(0.6901960784313727), np.float64(1.0))","(np.float64(0.21960784313725498), np.float64(0.4235294117647058), np.float64(0.6901960784313727), np.float64(1.0))",1,10000.0,10000.0,10000.0,10000.0,0.0,100.0,0.0,6.0,20.0,20.0,0.807384913932175,0.1265942911123974,C1
5000,Transporte por vía acuática,H. Transporte y Almacenamiento,H. Transporte y Almacenamiento,"(0.2196078431372549, 0.4235294117647059, 0.6901960784313725, 1.0)","(np.float64(0.21960784313725498), np.float64(0.4235294117647058), np.float64(0.6901960784313727), np.float64(1.0))","(np.float64(0.21960784313725498), np.float64(0.4235294117647058), np.float64(0.6901960784313727), np.float64(1.0))",19,11636.71,5250.0,8500.0,13887.75,10.53,89.47,31.58,4.62,56.75,59.5,0.0861702699308461,0.3471252670754484,C0
5100,Transporte aéreo,H. Transporte y Almacenamiento,H. Transporte y Almacenamiento,"(0.2196078431372549, 0.4235294117647059, 0.6901960784313725, 1.0)","(np.float64(0.21960784313725498), np.float64(0.4235294117647058), np.float64(0.6901960784313727), np.float64(1.0))","(np.float64(0.21960784313725498), np.float64(0.4235294117647058), np.float64(0.6901960784313727), np.float64(1.0))",22,14039.0,7000.0,12000.0,14000.0,40.91,59.09,45.45,5.94,49.59,49.0,0.7053894392188087,0.2698688017455596,C1
5201,Depósito y almacenamiento,H. Transporte y Almacenamiento,H. Transporte y Almacenamiento,"(0.2196078431372549, 0.4235294117647059, 0.6901960784313725, 1.0)","(np.float64(0.21960784313725498), np.float64(0.4235294117647058), np.float64(0.6901960784313727), np.float64(1.0))","(np.float64(0.21960784313725498), np.float64(0.4235294117647058), np.float64(0.6901960784313727), np.float64(1.0))",61,7310.1,3203.25,6000.0,9243.25,21.31,78.69,11.48,4.53,39.59,36.5,-0.1347300027021291,0.1598140154923824,C0
5202,Servicios auxiliares al transporte,H. Transporte y Almacenamiento,H. Transporte y Almacenamiento,"(0.2196078431372549, 0.4235294117647059, 0.6901960784313725, 1.0)","(np.float64(0.21960784313725498), np.float64(0.4235294117647058), np.float64(0.6901960784313727), np.float64(1.0))","(np.float64(0.21960784313725498), np.float64(0.4235294117647058), np.float64(0.6901960784313727), np.float64(1.0))",48,6973.45,3000.0,5000.0,10000.0,33.33,66.67,22.92,4.92,43.46,39.0,-0.029403458527345,0.2736095844686009,C0
5300,Correo y servicio de mensajería,H. Transporte y Almacenamiento,H. Transporte y Almacenamiento,"(0.2196078431372549, 0.4235294117647059, 0.6901960784313725, 1.0)","(np.float64(0.21960784313725498), np.float64(0.4235294117647058), np.float64(0.6901960784313727), np.float64(1.0))","(np.float64(0.21960784313725498), np.float64(0.4235294117647058), np.float64(0.6901960784313727), np.float64(1.0))",95,6387.16,2771.5,5275.0,7950.0,14.74,85.26,28.42,4.57,45.89,42.0,-0.4088591871883585,0.01906745960262,C4
5500,"Servicios de alojamiento en hoteles, campamentos y otros hospedajes temporales",I. Alojamiento y Servicios de Comidas,"GI. Comercio, alojamiento y comidas","(0.2196078431372549, 0.4235294117647059, 0.6901960784313725, 1.0)","(np.float64(0.2196078431372549), np.float64(0.4235294117647059), np.float64(0.6901960784313724), np.float64(1.0))","(np.float64(0.8767801857585138), np.float64(0.9089783281733744), np.float64(0.6142414860681111), np.float64(1.0))",114,5659.97,2906.0,4993.5,6634.0,61.4,38.6,6.14,4.32,47.32,46.0,-0.3331790745613545,-0.6146894330633262,C3
5601,Expendio comidas/bebidas,I. Alojamiento y Servicios de Comidas,"GI. Comercio, alojamiento y comidas","(0.2196078431372549, 0.4235294117647059, 0.6901960784313725, 1.0)","(np.float64(0.2196078431372549), np.float64(0.4235294117647059), np.float64(0.6901960784313724), np.float64(1.0))","(np.float64(0.8767801857585138), np.float64(0.9089783281733744), np.float64(0.6142414860681111), np.float64(1.0))",749,5173.51,2110.0,3798.0,7000.0,58.74,41.26,2.67,4.76,36.72,32.0,-0.73408769790127,-0.1534232662132369,C6
5602,Expendio comidas/bebidas,I. Alojamiento y Servicios de Comidas,"GI. Comercio, alojamiento y comidas","(0.2196078431372549, 0.4235294117647059, 0.6901960784313725, 1.0)","(np.float64(0.2196078431372549), np.float64(0.4235294117647059), np.float64(0.6901960784313724), np.float64(1.0))","(np.float64(0.8767801857585138), np.float64(0.9089783281733744), np.float64(0.6142414860681111), np.float64(1.0))",24,3759.25,1811.75,3473.5,4876.5,58.33,41.67,0.0,3.29,39.35,39.0,-0.7869098907442991,0.1527372576691024,C4
5800,"Edición de libros, periódicos y otras publicaciones",J. Información y Comunicación,"JKLMNOPQRS. Servicios, adm. pública, educación y salud","(0.2196078431372549, 0.4235294117647059, 0.6901960784313725, 1.0)","(np.float64(0.5803921568627451), np.float64(0.2156862745098039), np.float64(0.5941176470588235), np.float64(1.0))","(np.float64(0.6199215686274507), np.float64(0.30133333333333345), np.float64(0.3398431372549019), np.float64(1.0))",33,6674.42,4610.0,6000.0,8693.0,42.42,57.58,21.21,7.1,45.0,38.5,0.0603404024042035,-0.262347993643888,C5
5900,Actividades cinematográficas,J. Información y Comunicación,"JKLMNOPQRS. Servicios, adm. pública, educación y salud","(0.2196078431372549, 0.4235294117647059, 0.6901960784313725, 1.0)","(np.float64(0.5803921568627451), np.float64(0.2156862745098039), np.float64(0.5941176470588235), np.float64(1.0))","(np.float64(0.6199215686274507), np.float64(0.30133333333333345), np.float64(0.3398431372549019), np.float64(1.0))",34,8884.62,4300.0,6981.0,10000.0,14.71,85.29,20.59,6.26,39.52,36.0,-0.0388603536587076,-0.4033933288338113,C5
6000,Actividades de programación y difusión,J. Información y Comunicación,"JKLMNOPQRS. Servicios, adm. pública, educación y salud","(0.2196078431372549, 0.4235294117647059, 0.6901960784313725, 1.0)","(np.float64(0.5803921568627451), np.float64(0.2156862745098039), np.float64(0.5941176470588235), np.float64(1.0))","(np.float64(0.6199215686274507), np.float64(0.30133333333333345), np.float64(0.3398431372549019), np.float64(1.0))",29,7640.6,3500.0,5300.0,9759.5,37.93,62.07,20.69,6.11,43.74,38.0,0.0286973266034806,-0.350220125317796,C5
6100,Telecomunicaciones,J. Información y Comunicación,"JKLMNOPQRS. Servicios, adm. pública, educación y salud","(0.9411764705882353, 0.00784313725490196, 0.4980392156862745, 1.0)","(np.float64(0.5803921568627451), np.float64(0.2156862745098039), np.float64(0.5941176470588235), np.float64(1.0))","(np.float64(0.6199215686274507), np.float64(0.30133333333333345), np.float64(0.3398431372549019), np.float64(1.0))",88,8256.71,4555.75,7240.0,10000.0,47.73,52.27,9.09,5.63,42.0,36.0,-0.0511276755548733,0.010488371104594,C8
6200,Actividades de programación y consultoría informática,J. Información y Comunicación,"JKLMNOPQRS. Servicios, adm. pública, educación y salud","(0.9411764705882353, 0.00784313725490196, 0.4980392156862745, 1.0)","(np.float64(0.5803921568627451), np.float64(0.2156862745098039), np.float64(0.5941176470588235), np.float64(1.0))","(np.float64(0.6199215686274507), np.float64(0.30133333333333345), np.float64(0.3398431372549019), np.float64(1.0))",42,10161.11,6370.0,10000.0,11976.5,23.81,76.19,2.38,8.0,34.92,32.0,0.0908726093678623,-0.0361567894031339,C8
6300,Actividades de servicios de información,J. Información y Comunicación,"JKLMNOPQRS. Servicios, adm. pública, educación y salud","(0.9411764705882353, 0.00784313725490196, 0.4980392156862745, 1.0)","(np.float64(0.5803921568627451), np.float64(0.2156862745098039), np.float64(0.5941176470588235), np.float64(1.0))","(np.float64(0.6199215686274507), np.float64(0.30133333333333345), np.float64(0.3398431372549019), np.float64(1.0))",31,9210.62,6075.0,8000.0,10297.0,25.81,74.19,19.35,7.52,38.26,33.0,0.1179210027134019,-0.0871377852090889,C8
6400,Intermediación financiera,K. Actividades Financieras y de Seguros,"JKLMNOPQRS. Servicios, adm. pública, educación y salud","(0.9411764705882353, 0.00784313725490196, 0.4980392156862745, 1.0)","(np.float64(0.9411764705882352), np.float64(0.00784313725490196), np.float64(0.4980392156862745), np.float64(1.0))","(np.float64(0.6199215686274507), np.float64(0.30133333333333345), np.float64(0.3398431372549019), np.float64(1.0))",179,11338.37,5000.0,9241.0,13788.5,42.46,57.54,31.28,6.11,49.23,50.0,-0.1811920103994966,-0.3480512136037632,C3
6500,"Seguros, reaseguros y fondos de pensiones",K. Actividades Financieras y de Seguros,"JKLMNOPQRS. Servicios, adm. pública, educación y salud","(0.9411764705882353, 0.00784313725490196, 0.4980392156862745, 1.0)","(np.float64(0.9411764705882352), np.float64(0.00784313725490196), np.float64(0.4980392156862745), np.float64(1.0))","(np.float64(0.6199215686274507), np.float64(0.30133333333333345), np.float64(0.3398431372549019), np.float64(1.0))",65,8269.76,5000.0,8263.5,10660.0,47.69,52.31,6.15,6.4,47.02,48.0,-0.0173024693152599,-0.1754456130038169,C3
6900,Actividades jurídicas y de contabilidad,"M. Actividades Profesionales, Científicas y Técnicas ","JKLMNOPQRS. Servicios, adm. pública, educación y salud","(0.9411764705882353, 0.00784313725490196, 0.4980392156862745, 1.0)","(np.float64(0.8450980392156863), np.float64(0.1823529411764706), np.float64(0.2941176470588236), np.float64(1.0))","(np.float64(0.6199215686274507), np.float64(0.30133333333333345), np.float64(0.3398431372549019), np.float64(1.0))",278,11785.83,4987.0,8000.0,14960.0,55.76,44.24,2.88,7.85,44.39,42.0,-0.3046984830145319,-0.4368694330807255,C3
7000,Actividades de servicios de consultoría,"M. Actividades Profesionales, Científicas y Técnicas ","JKLMNOPQRS. Servicios, adm. pública, educación y salud","(0.9411764705882353, 0.00784313725490196, 0.4980392156862745, 1.0)","(np.float64(0.8450980392156863), np.float64(0.1823529411764706), np.float64(0.2941176470588236), np.float64(1.0))","(np.float64(0.6199215686274507), np.float64(0.30133333333333345), np.float64(0.3398431372549019), np.float64(1.0))",14,9110.9,5989.0,8700.0,11500.0,42.86,57.14,7.14,7.8,50.0,56.5,0.7546532624820425,0.1356141632548249,C1
7100,Servicios de arquitectura e ingeniería,"M. Actividades Profesionales, Científicas y Técnicas ","JKLMNOPQRS. Servicios, adm. pública, educación y salud","(0.9411764705882353, 0.00784313725490196, 0.4980392156862745, 1.0)","(np.float64(0.8450980392156863), np.float64(0.1823529411764706), np.float64(0.2941176470588236), np.float64(1.0))","(np.float64(0.6199215686274507), np.float64(0.30133333333333345), np.float64(0.3398431372549019), np.float64(1.0))",85,14897.2,6982.75,11154.5,18089.75,30.59,69.41,20.0,8.61,45.8,41.5,-0.00967346776513,-0.4528844524240771,C5
7200,Investigación y desarrollo,"M. Actividades Profesionales, Científicas y Técnicas ","JKLMNOPQRS. Servicios, adm. pública, educación y salud","(0.9411764705882353, 0.00784313725490196, 0.4980392156862745, 1.0)","(np.float64(0.8450980392156863), np.float64(0.1823529411764706), np.float64(0.2941176470588236), np.float64(1.0))","(np.float64(0.6199215686274507), np.float64(0.30133333333333345), np.float64(0.3398431372549019), np.float64(1.0))",48,14321.33,6586.75,13209.5,17679.75,50.0,50.0,81.25,7.7,46.33,45.0,0.2245636340280163,-0.3084357520297864,C0
7301,Actividades publicitarias,"M. Actividades Profesionales, Científicas y Técnicas ","JKLMNOPQRS. Servicios, adm. pública, educación y salud","(0.7490196078431373, 0.3568627450980392, 0.09019607843137253, 1.0)","(np.float64(0.8450980392156863), np.float64(0.1823529411764706), np.float64(0.2941176470588236), np.float64(1.0))","(np.float64(0.6199215686274507), np.float64(0.30133333333333345), np.float64(0.3398431372549019), np.float64(1.0))",39,8383.67,2396.5,6331.0,9038.5,41.03,58.97,2.56,6.1,36.75,31.5,0.0499695259385497,-0.3427965147277977,C5
7302,Investigación de mercados y encuestas de opinión pública,"M. Actividades Profesionales, Científicas y Técnicas ","JKLMNOPQRS. Servicios, adm. pública, educación y salud","(0.7490196078431373, 0.3568627450980392, 0.09019607843137253, 1.0)","(np.float64(0.8450980392156863), np.float64(0.1823529411764706), np.float64(0.2941176470588236), np.float64(1.0))","(np.float64(0.6199215686274507), np.float64(0.30133333333333345), np.float64(0.3398431372549019), np.float64(1.0))",11,6986.17,4807.75,6714.0,8441.0,45.45,54.55,9.09,7.5,36.33,34.5,0.4411710803534069,0.1988455508685624,C2
7400,"Otras actividades profesionales, científicas y técnicas","M. Actividades Profesionales, Científicas y Técnicas ","JKLMNOPQRS. Servicios, adm. pública, educación y salud","(0.7490196078431373, 0.3568627450980392, 0.09019607843137253, 1.0)","(np.float64(0.8450980392156863), np.float64(0.1823529411764706), np.float64(0.2941176470588236), np.float64(1.0))","(np.float64(0.6199215686274507), np.float64(0.30133333333333345), np.float64(0.3398431372549019), np.float64(1.0))",86,6956.92,3925.0,6233.0,9979.75,47.67,52.33,5.81,6.63,42.39,39.0,0.0904306740759284,-0.2967656728369637,C5
7500,Actividades veterinarias,"M. Actividades Profesionales, Científicas y Técnicas ","JKLMNOPQRS. Servicios, adm. pública, educación y salud","(0.7490196078431373, 0.3568627450980392, 0.09019607843137253, 1.0)","(np.float64(0.8450980392156863), np.float64(0.1823529411764706), np.float64(0.2941176470588236), np.float64(1.0))","(np.float64(0.6199215686274507), np.float64(0.30133333333333345), np.float64(0.3398431372549019), np.float64(1.0))",25,16205.92,6331.0,9298.0,25412.0,60.0,40.0,8.0,7.9,43.25,40.5,0.1114341504074822,-0.190599472668637,C0
7701,Alquiler de efectos personales y domésticos,N. Actividades Administrativas y Servicios de Apoyo,"JKLMNOPQRS. Servicios, adm. pública, educación y salud","(0.7490196078431373, 0.3568627450980392, 0.09019607843137253, 1.0)","(np.float64(0.7490196078431373), np.float64(0.3568627450980392), np.float64(0.09019607843137255), np.float64(1.0))","(np.float64(0.6199215686274507), np.float64(0.30133333333333345), np.float64(0.3398431372549019), np.float64(1.0))",4,13333.33,6000.0,10000.0,19000.0,75.0,25.0,0.0,6.33,31.33,27.0,0.8532738223680508,0.1719487387845908,C1
7702,Alquiler de vehículos de transporte,N. Actividades Administrativas y Servicios de Apoyo,"JKLMNOPQRS. Servicios, adm. pública, educación y salud","(0.7490196078431373, 0.3568627450980392, 0.09019607843137253, 1.0)","(np.float64(0.7490196078431373), np.float64(0.3568627450980392), np.float64(0.09019607843137255), np.float64(1.0))","(np.float64(0.6199215686274507), np.float64(0.30133333333333345), np.float64(0.3398431372549019), np.float64(1.0))",7,12751.0,2350.0,3900.0,14301.0,0.0,100.0,0.0,5.0,42.33,41.5,0.7966386361305192,0.1887489499718646,C1
7800,Actividades relacionadas con el suministro de personal,N. Actividades Administrativas y Servicios de Apoyo,"JKLMNOPQRS. Servicios, adm. pública, educación y salud","(0.7490196078431373, 0.3568627450980392, 0.09019607843137253, 1.0)","(np.float64(0.7490196078431373), np.float64(0.3568627450980392), np.float64(0.09019607843137255), np.float64(1.0))","(np.float64(0.6199215686274507), np.float64(0.30133333333333345), np.float64(0.3398431372549019), np.float64(1.0))",18,17529.0,10762.0,12500.0,22026.5,50.0,50.0,5.56,7.0,31.44,30.0,0.2055527526667499,0.2781375402821752,C2
7900,Agencias de viajes y operadores turísticos,N. Actividades Administrativas y Servicios de Apoyo,"JKLMNOPQRS. Servicios, adm. pública, educación y salud","(0.7490196078431373, 0.3568627450980392, 0.09019607843137253, 1.0)","(np.float64(0.7490196078431373), np.float64(0.3568627450980392), np.float64(0.09019607843137255), np.float64(1.0))","(np.float64(0.6199215686274507), np.float64(0.30133333333333345), np.float64(0.3398431372549019), np.float64(1.0))",44,7094.56,4990.25,6993.0,9500.0,54.55,45.45,15.91,6.48,47.0,47.0,0.3610985065287722,-0.1568389754450782,C0
8000,Actividades de investigación y seguridad,N. Actividades Administrativas y Servicios de Apoyo,"JKLMNOPQRS. Servicios, adm. pública, educación y salud","(0.7490196078431373, 0.3568627450980392, 0.09019607843137253, 1.0)","(np.float64(0.7490196078431373), np.float64(0.3568627450980392), np.float64(0.09019607843137255), np.float64(1.0))","(np.float64(0.6199215686274507), np.float64(0.30133333333333345), np.float64(0.3398431372549019), np.float64(1.0))",105,6628.74,3000.0,6233.0,8021.5,8.57,91.43,11.43,4.4,40.33,39.0,-0.3412132666449272,-0.2493240391634151,C4
8101,Servicios de apoyo a edificios,N. Actividades Administrativas y Servicios de Apoyo,"JKLMNOPQRS. Servicios, adm. pública, educación y salud","(0.7490196078431373, 0.3568627450980392, 0.09019607843137253, 1.0)","(np.float64(0.7490196078431373), np.float64(0.3568627450980392), np.float64(0.09019607843137255), np.float64(1.0))","(np.float64(0.6199215686274507), np.float64(0.30133333333333345), np.float64(0.3398431372549019), np.float64(1.0))",319,6051.15,3165.0,5859.0,8000.0,44.2,55.8,37.3,4.01,44.51,46.0,-0.4139382980680152,-0.5368888073836988,C3
8102,Servicios de paisajismo y jardinería,N. Actividades Administrativas y Servicios de Apoyo,"JKLMNOPQRS. Servicios, adm. pública, educación y salud","(0.7490196078431373, 0.3568627450980392, 0.09019607843137253, 1.0)","(np.float64(0.7490196078431373), np.float64(0.3568627450980392), np.float64(0.09019607843137255), np.float64(1.0))","(np.float64(0.6199215686274507), np.float64(0.30133333333333345), np.float64(0.3398431372549019), np.float64(1.0))",129,3787.27,1000.0,2500.0,5800.0,13.95,86.05,7.75,3.75,36.97,36.0,-0.4638105072166297,-0.2206656021239194,C0
8200,Actividades administrativas de oficinas,N. Actividades Administrativas y Servicios de Apoyo,"JKLMNOPQRS. Servicios, adm. pública, educación y salud","(0.7490196078431373, 0.3568627450980392, 0.09019607843137253, 1.0)","(np.float64(0.7490196078431373), np.float64(0.3568627450980392), np.float64(0.09019607843137255), np.float64(1.0))","(np.float64(0.6199215686274507), np.float64(0.30133333333333345), np.float64(0.3398431372549019), np.float64(1.0))",154,5654.72,3082.5,5000.0,7821.0,52.6,47.4,2.6,5.06,41.02,38.0,-0.2790352833440147,-0.009062603669664,C4
8400,Administración Pública y Defensa; Planes de Seguro Social Obligatorio,O. Administración Pública y Defensa,"JKLMNOPQRS. Servicios, adm. pública, educación y salud","(0.7490196078431373, 0.3568627450980392, 0.09019607843137253, 1.0)","(np.float64(0.7490196078431373), np.float64(0.3568627450980392), np.float64(0.09019607843137253), np.float64(1.0))","(np.float64(0.6199215686274507), np.float64(0.30133333333333345), np.float64(0.3398431372549019), np.float64(1.0))",8,12111.38,6495.0,8675.0,12397.5,50.0,50.0,87.5,7.75,56.38,59.5,0.3742061679482555,0.2452130616168483,C2
8401,Administración pública,O. Administración Pública y Defensa,"JKLMNOPQRS. Servicios, adm. pública, educación y salud","(0.7490196078431373, 0.3568627450980392, 0.09019607843137253, 1.0)","(np.float64(0.7490196078431373), np.float64(0.3568627450980392), np.float64(0.09019607843137253), np.float64(1.0))","(np.float64(0.6199215686274507), np.float64(0.30133333333333345), np.float64(0.3398431372549019), np.float64(1.0))",971,8370.27,3604.25,6000.0,10000.0,47.89,52.11,98.76,5.72,47.84,48.0,-0.3727816096746968,-0.4124392872686329,C3
8402,Seguridad pública,O. Administración Pública y Defensa,"JKLMNOPQRS. Servicios, adm. pública, educación y salud","(0.7490196078431373, 0.3568627450980392, 0.09019607843137253, 1.0)","(np.float64(0.7490196078431373), np.float64(0.3568627450980392), np.float64(0.09019607843137253), np.float64(1.0))","(np.float64(0.6199215686274507), np.float64(0.30133333333333345), np.float64(0.3398431372549019), np.float64(1.0))",380,8999.84,5492.5,8300.0,11220.0,21.32,78.68,98.95,5.36,43.38,40.0,-0.4474659807622673,-0.4398319250712954,C3
8403,Servicios de la seguridad social obligatoria,O. Administración Pública y Defensa,"JKLMNOPQRS. Servicios, adm. pública, educación y salud","(0.7490196078431373, 0.3568627450980392, 0.09019607843137253, 1.0)","(np.float64(0.7490196078431373), np.float64(0.3568627450980392), np.float64(0.09019607843137253), np.float64(1.0))","(np.float64(0.6199215686274507), np.float64(0.30133333333333345), np.float64(0.3398431372549019), np.float64(1.0))",11,17889.0,10973.0,15000.0,25353.0,18.18,81.82,100.0,7.0,34.33,34.5,0.4313865715715444,0.2698034719207061,C2
8501,Enseñanza,P. Enseñanza,"JKLMNOPQRS. Servicios, adm. pública, educación y salud","(0.4, 0.4, 0.4, 1.0)","(np.float64(0.4), np.float64(0.4), np.float64(0.4), np.float64(1.0))","(np.float64(0.6199215686274507), np.float64(0.30133333333333345), np.float64(0.3398431372549019), np.float64(1.0))",1831,8150.89,4043.0,6331.0,10000.0,75.15,24.85,78.75,6.82,48.57,47.0,-0.5407480991011198,-0.5183077838260299,C3
8509,Otros tipos de enseñanza,P. Enseñanza,"JKLMNOPQRS. Servicios, adm. pública, educación y salud","(0.4, 0.4, 0.4, 1.0)","(np.float64(0.4), np.float64(0.4), np.float64(0.4), np.float64(1.0))","(np.float64(0.6199215686274507), np.float64(0.30133333333333345), np.float64(0.3398431372549019), np.float64(1.0))",122,7093.98,3000.0,6000.0,9910.5,63.93,36.07,22.95,6.68,37.39,32.0,-0.3856084166183254,-0.760857725629045,C3
8600,Atención de la salud,Q. Salud Humana y Servicios Sociales,"JKLMNOPQRS. Servicios, adm. pública, educación y salud","(0.4, 0.4, 0.4, 1.0)","(np.float64(0.4000000000000001), np.float64(0.4000000000000001), np.float64(0.4000000000000001), np.float64(1.0))","(np.float64(0.6199215686274507), np.float64(0.30133333333333345), np.float64(0.3398431372549019), np.float64(1.0))",1012,8589.75,4000.0,6858.0,11000.0,71.44,28.56,47.43,6.54,48.63,48.0,-0.4237016054069951,-0.4777170475093263,C3
8700,Asistencia social,Q. Salud Humana y Servicios Sociales,"JKLMNOPQRS. Servicios, adm. pública, educación y salud","(0.4, 0.4, 0.4, 1.0)","(np.float64(0.4000000000000001), np.float64(0.4000000000000001), np.float64(0.4000000000000001), np.float64(1.0))","(np.float64(0.6199215686274507), np.float64(0.30133333333333345), np.float64(0.3398431372549019), np.float64(1.0))",114,4936.36,2827.0,4000.0,6224.0,84.21,15.79,35.09,4.44,47.72,46.0,-0.4218293188916666,-0.6675531559494494,C3
8800,Servicios sociales sin alojamiento,Q. Salud Humana y Servicios Sociales,"JKLMNOPQRS. Servicios, adm. pública, educación y salud","(0.4, 0.4, 0.4, 1.0)","(np.float64(0.4000000000000001), np.float64(0.4000000000000001), np.float64(0.4000000000000001), np.float64(1.0))","(np.float64(0.6199215686274507), np.float64(0.30133333333333345), np.float64(0.3398431372549019), np.float64(1.0))",123,5524.98,2600.0,3800.0,6500.0,90.24,9.76,46.34,5.71,43.93,44.0,-0.4019723243023336,-0.7211024824986798,C3
9000,Actividades artísticas y de espectáculo,"R. Artes, Entretenimiento y Recreación ","JKLMNOPQRS. Servicios, adm. pública, educación y salud","(0.4, 0.4, 0.4, 1.0)","(np.float64(0.4), np.float64(0.4), np.float64(0.4), np.float64(1.0))","(np.float64(0.6199215686274507), np.float64(0.30133333333333345), np.float64(0.3398431372549019), np.float64(1.0))",80,6641.0,3058.5,4986.0,8263.5,45.0,55.0,15.0,5.88,39.75,35.0,-0.1789870654658149,-0.564749686376008,C5
9100,Actividades de bibliotecas y archivos,"R. Artes, Entretenimiento y Recreación ","JKLMNOPQRS. Servicios, adm. pública, educación y salud","(0.4, 0.4, 0.4, 1.0)","(np.float64(0.4), np.float64(0.4), np.float64(0.4), np.float64(1.0))","(np.float64(0.6199215686274507), np.float64(0.30133333333333345), np.float64(0.3398431372549019), np.float64(1.0))",27,8305.71,3384.25,6053.5,10808.5,66.67,33.33,66.67,6.24,36.82,38.0,0.2679060436458284,-0.0765554189986885,C0
9200,Actividades de juegos de azar y apuesta,"R. Artes, Entretenimiento y Recreación ","JKLMNOPQRS. Servicios, adm. pública, educación y salud","(0.4, 0.4, 0.4, 1.0)","(np.float64(0.4), np.float64(0.4), np.float64(0.4), np.float64(1.0))","(np.float64(0.6199215686274507), np.float64(0.30133333333333345), np.float64(0.3398431372549019), np.float64(1.0))",81,7584.56,3187.5,5137.5,8441.0,45.68,54.32,6.17,5.12,39.17,34.5,-0.5086638328705319,-0.0589766038892831,C4
9301,Actividades para la práctica deportiva,"R. Artes, Entretenimiento y Recreación ","JKLMNOPQRS. Servicios, adm. pública, educación y salud","(0.4, 0.4, 0.4, 1.0)","(np.float64(0.4), np.float64(0.4), np.float64(0.4), np.float64(1.0))","(np.float64(0.6199215686274507), np.float64(0.30133333333333345), np.float64(0.3398431372549019), np.float64(1.0))",100,6582.46,2669.0,5000.0,8007.0,34.0,66.0,17.0,5.17,38.31,36.0,-0.3416350899171284,-0.6890289200542364,C3
9302,Actividades de entretenimiento n.c.p.,"R. Artes, Entretenimiento y Recreación ","JKLMNOPQRS. Servicios, adm. pública, educación y salud","(0.4, 0.4, 0.4, 1.0)","(np.float64(0.4), np.float64(0.4), np.float64(0.4), np.float64(1.0))","(np.float64(0.6199215686274507), np.float64(0.30133333333333345), np.float64(0.3398431372549019), np.float64(1.0))",78,3822.06,1562.25,3001.5,5068.75,51.28,48.72,8.97,5.2,34.97,32.0,-0.19897921337877,-0.4867336523755252,C5
9401,Actividades de organizaciones empresariales y de empleadores,S. Otras Actividades de Servicios,"JKLMNOPQRS. Servicios, adm. pública, educación y salud","(0.4, 0.4, 0.4, 1.0)","(np.float64(0.39999999999999997), np.float64(0.39999999999999997), np.float64(0.39999999999999997), np.float64(1.0))","(np.float64(0.6199215686274507), np.float64(0.30133333333333345), np.float64(0.3398431372549019), np.float64(1.0))",12,8361.1,6625.0,8914.0,11262.25,33.33,66.67,25.0,6.27,43.09,45.0,0.3915869847778718,0.264430756600012,C2
9402,Actividades de sindicatos,S. Otras Actividades de Servicios,"JKLMNOPQRS. Servicios, adm. pública, educación y salud","(0.4, 0.4, 0.4, 1.0)","(np.float64(0.39999999999999997), np.float64(0.39999999999999997), np.float64(0.39999999999999997), np.float64(1.0))","(np.float64(0.6199215686274507), np.float64(0.30133333333333345), np.float64(0.3398431372549019), np.float64(1.0))",18,9325.0,3700.0,6000.0,9625.0,55.56,44.44,27.78,5.62,54.77,51.0,0.3141570703667836,0.1773397005428255,C2
9409,Actividades de asociaciones n.c.p.,S. Otras Actividades de Servicios,"JKLMNOPQRS. Servicios, adm. pública, educación y salud","(0.4, 0.4, 0.4, 1.0)","(np.float64(0.39999999999999997), np.float64(0.39999999999999997), np.float64(0.39999999999999997), np.float64(1.0))","(np.float64(0.6199215686274507), np.float64(0.30133333333333345), np.float64(0.3398431372549019), np.float64(1.0))",42,3692.65,2000.0,3300.0,4844.0,61.9,38.1,21.43,5.88,44.2,44.0,0.1431493261327844,0.0187230453768505,C0
9501,Reparación de equipos informáticos,S. Otras Actividades de Servicios,"JKLMNOPQRS. Servicios, adm. pública, educación y salud","(0.4, 0.4, 0.4, 1.0)","(np.float64(0.39999999999999997), np.float64(0.39999999999999997), np.float64(0.39999999999999997), np.float64(1.0))","(np.float64(0.6199215686274507), np.float64(0.30133333333333345), np.float64(0.3398431372549019), np.float64(1.0))",33,7581.39,3503.75,5200.0,10287.25,9.09,90.91,9.09,6.65,34.04,28.0,0.1204015776108844,0.0491862835998265,C8
9502,Reparación de equipos de comunicación,S. Otras Actividades de Servicios,"JKLMNOPQRS. Servicios, adm. pública, educación y salud","(0.4, 0.4, 0.4, 1.0)","(np.float64(0.39999999999999997), np.float64(0.39999999999999997), np.float64(0.39999999999999997), np.float64(1.0))","(np.float64(0.6199215686274507), np.float64(0.30133333333333345), np.float64(0.3398431372549019), np.float64(1.0))",7,6653.33,2500.0,3000.0,8980.0,14.29,85.71,14.29,6.0,35.75,25.5,0.4319702638806561,0.1359631153237718,C1
9503,Reparación de efectos de uso personal y doméstico,S. Otras Actividades de Servicios,"JKLMNOPQRS. Servicios, adm. pública, educación y salud","(0.4, 0.4, 0.4, 1.0)","(np.float64(0.39999999999999997), np.float64(0.39999999999999997), np.float64(0.39999999999999997), np.float64(1.0))","(np.float64(0.6199215686274507), np.float64(0.30133333333333345), np.float64(0.3398431372549019), np.float64(1.0))",180,4345.95,2110.75,3596.5,6000.0,53.07,46.93,2.78,4.23,50.43,49.0,-0.0317394538110052,-0.2660699352964153,C7
9601,Lavado y limpieza de artículos de tela,S. Otras Actividades de Servicios,"JKLMNOPQRS. Servicios, adm. pública, educación y salud","(0.4, 0.4, 0.4, 1.0)","(np.float64(0.39999999999999997), np.float64(0.39999999999999997), np.float64(0.39999999999999997), np.float64(1.0))","(np.float64(0.6199215686274507), np.float64(0.30133333333333345), np.float64(0.3398431372549019), np.float64(1.0))",31,5823.08,2275.0,3165.0,9750.0,80.65,19.35,3.23,4.18,48.14,51.0,-0.2397658148692061,-0.0812336301558729,C7
9602,Servicios de peluquería y tratamientos,S. Otras Actividades de Servicios,"JKLMNOPQRS. Servicios, adm. pública, educación y salud","(0.4, 0.4, 0.4, 1.0)","(np.float64(0.39999999999999997), np.float64(0.39999999999999997), np.float64(0.39999999999999997), np.float64(1.0))","(np.float64(0.6199215686274507), np.float64(0.30133333333333345), np.float64(0.3398431372549019), np.float64(1.0))",208,4888.29,2000.0,4000.0,6631.0,85.58,14.42,0.96,4.67,45.43,45.0,-0.5752207356585339,-0.3468867200510621,C6
9603,Pompas fúnebres y servicios conexos,S. Otras Actividades de Servicios,"JKLMNOPQRS. Servicios, adm. pública, educación y salud","(0.4, 0.4, 0.4, 1.0)","(np.float64(0.39999999999999997), np.float64(0.39999999999999997), np.float64(0.39999999999999997), np.float64(1.0))","(np.float64(0.6199215686274507), np.float64(0.30133333333333345), np.float64(0.3398431372549019), np.float64(1.0))",19,6131.07,3824.75,5930.0,7732.75,36.84,63.16,31.58,4.29,51.64,57.0,0.4674854803160959,0.3568389934184715,C2
9609,Servicios personales n.c.p.,S. Otras Actividades de Servicios,"JKLMNOPQRS. Servicios, adm. pública, educación y salud","(0.4, 0.4, 0.4, 1.0)","(np.float64(0.39999999999999997), np.float64(0.39999999999999997), np.float64(0.39999999999999997), np.float64(1.0))","(np.float64(0.6199215686274507), np.float64(0.30133333333333345), np.float64(0.3398431372549019), np.float64(1.0))",46,4259.52,2000.0,3500.0,5500.0,48.89,51.11,2.17,3.89,40.95,35.0,-0.0715370260873351,-0.3771654526897673,C5
9700,Actividades de hogares,T. Actividades de los Hogares como Empleadores de Personal Doméstico,T. Empleo doméstico,"(0.4, 0.4, 0.4, 1.0)","(np.float64(0.4), np.float64(0.4), np.float64(0.4), np.float64(1.0))","(np.float64(0.4), np.float64(0.4), np.float64(0.4), np.float64(1.0))",2281,3430.27,1600.0,2750.0,4494.0,95.97,4.03,0.26,3.68,44.57,43.0,-0.5420806807463706,-0.8889064236723497,C3
