algorithm,resolution,num_communities,seed,modularity
infomap,0.1,1,43667,0.0
infomap,0.1,3,55824,0.0
infomap,0.1,2,14480,1.1102230246251565e-16
infomap,0.1,2,57991,1.1102230246251565e-16
infomap,0.1,1,54596,0.0
infomap,0.1,2,50180,1.1102230246251565e-16
infomap,0.1,1,50469,0.0
infomap,0.1,2,2110,0.0
infomap,0.1,1,9373,0.0
infomap,0.1,3,3289,0.0014406505828691045
infomap,0.1,1,54621,1.1102230246251565e-16
infomap,0.1,1,21588,0.0
infomap,0.1,1,23019,1.1102230246251565e-16
infomap,0.1,2,57408,0.0
infomap,0.1,3,18144,0.0
infomap,0.11574864870826927,1,43667,0.0
infomap,0.11574864870826927,3,55824,0.0
infomap,0.11574864870826927,1,14480,1.1102230246251565e-16
infomap,0.11574864870826927,1,57991,1.1102230246251565e-16
infomap,0.11574864870826927,1,54596,0.0
infomap,0.11574864870826927,2,50180,1.1102230246251565e-16
infomap,0.11574864870826927,1,50469,0.0
infomap,0.11574864870826927,2,2110,0.0
infomap,0.11574864870826927,2,9373,0.0
infomap,0.11574864870826927,3,3289,0.0014406505828691045
infomap,0.11574864870826927,3,54621,1.1102230246251565e-16
infomap,0.11574864870826927,3,21588,0.0
infomap,0.11574864870826927,3,23019,1.1102230246251565e-16
infomap,0.11574864870826927,2,57408,0.0
infomap,0.11574864870826927,1,18144,0.0
infomap,0.13397749677790324,1,43667,0.0
infomap,0.13397749677790324,1,55824,0.0
infomap,0.13397749677790324,2,14480,1.1102230246251565e-16
infomap,0.13397749677790324,1,57991,1.1102230246251565e-16
infomap,0.13397749677790324,1,54596,0.0
infomap,0.13397749677790324,1,50180,1.1102230246251565e-16
infomap,0.13397749677790324,1,50469,0.0
infomap,0.13397749677790324,2,2110,0.0
infomap,0.13397749677790324,2,9373,0.0
infomap,0.13397749677790324,3,3289,0.0014406505828691045
infomap,0.13397749677790324,3,54621,1.1102230246251565e-16
infomap,0.13397749677790324,1,21588,0.0
infomap,0.13397749677790324,1,23019,1.1102230246251565e-16
infomap,0.13397749677790324,1,57408,0.0
infomap,0.13397749677790324,1,18144,0.0
infomap,0.155077142093588,3,43667,0.0014323077489311904
infomap,0.155077142093588,3,55824,0.0
infomap,0.155077142093588,3,14480,0.0014439702241481785
infomap,0.155077142093588,3,57991,0.0014471819708176223
infomap,0.155077142093588,3,54596,0.00143734222613207
infomap,0.155077142093588,3,50180,0.0014331677722810886
infomap,0.155077142093588,4,50469,0.0014414236569503945
infomap,0.155077142093588,3,2110,0.001433120036897999
infomap,0.155077142093588,3,9373,0.0014377555619198034
infomap,0.155077142093588,3,3289,0.0014406505828691045
infomap,0.155077142093588,4,54621,0.001441306613267985
infomap,0.155077142093588,4,21588,0.0014469974693700253
infomap,0.155077142093588,4,23019,0.0014364391430472206
infomap,0.155077142093588,3,57408,0.001432269820529589
infomap,0.155077142093588,4,18144,0.0014359725895207764
infomap,0.1794996964287307,3,43667,0.0014323077489311904
infomap,0.1794996964287307,4,55824,0.0014414083106219406
infomap,0.1794996964287307,3,14480,0.0014439702241481785
infomap,0.1794996964287307,3,57991,0.0014471819708176223
infomap,0.1794996964287307,3,54596,0.00143734222613207
infomap,0.1794996964287307,3,50180,0.0014331677722810886
infomap,0.1794996964287307,4,50469,0.0014414236569503945
infomap,0.1794996964287307,3,2110,0.001433120036897999
infomap,0.1794996964287307,2,9373,0.0
infomap,0.1794996964287307,3,3289,0.0014406505828691045
infomap,0.1794996964287307,4,54621,0.001441306613267985
infomap,0.1794996964287307,4,21588,0.0014469974693700253
infomap,0.1794996964287307,4,23019,0.0014364391430472206
infomap,0.1794996964287307,3,57408,0.001432269820529589
infomap,0.1794996964287307,3,18144,0.0
infomap,0.2077684730517013,4,43667,0.002122240552138543
infomap,0.2077684730517013,4,55824,0.0014414083106219406
infomap,0.2077684730517013,3,14480,0.0014439702241481785
infomap,0.2077684730517013,3,57991,0.0014471819708176223
infomap,0.2077684730517013,3,54596,0.00143734222613207
infomap,0.2077684730517013,3,50180,0.0014331677722810886
infomap,0.2077684730517013,4,50469,0.0014414236569503945
infomap,0.2077684730517013,3,2110,0.001433120036897999
infomap,0.2077684730517013,3,9373,0.0014377555619198034
infomap,0.2077684730517013,3,3289,0.0014406505828691045
infomap,0.2077684730517013,4,54621,0.001441306613267985
infomap,0.2077684730517013,4,21588,0.0014469974693700253
infomap,0.2077684730517013,4,23019,0.0014364391430472206
infomap,0.2077684730517013,3,57408,0.001432269820529589
infomap,0.2077684730517013,5,18144,0.005100309298877555
infomap,0.24048919999914883,6,43667,0.008051424620449782
infomap,0.24048919999914883,3,55824,0.0
infomap,0.24048919999914883,3,14480,0.0014439702241481785
infomap,0.24048919999914883,3,57991,0.0014471819708176223
infomap,0.24048919999914883,3,54596,0.00143734222613207
infomap,0.24048919999914883,4,50180,0.0050894909414588045
infomap,0.24048919999914883,5,50469,0.005119109243816199
infomap,0.24048919999914883,3,2110,0.001433120036897999
infomap,0.24048919999914883,4,9373,0.005105752019956539
infomap,0.24048919999914883,3,3289,0.0014406505828691045
infomap,0.24048919999914883,4,54621,0.001441306613267985
infomap,0.24048919999914883,4,21588,0.0014469974693700253
infomap,0.24048919999914883,4,23019,0.0014364391430472206
infomap,0.24048919999914883,3,57408,0.001432269820529589
infomap,0.24048919999914883,5,18144,0.005100309298877555
infomap,0.27836299928834185,6,43667,0.008051424620449782
infomap,0.27836299928834185,5,55824,0.005117905675018242
infomap,0.27836299928834185,5,14480,0.044579925760237595
infomap,0.27836299928834185,5,57991,0.007439232592782427
infomap,0.27836299928834185,5,54596,0.007388937466610298
infomap,0.27836299928834185,5,50180,0.02376681956435886
infomap,0.27836299928834185,6,50469,0.04458534901265454
infomap,0.27836299928834185,5,2110,0.007367297068117839
infomap,0.27836299928834185,4,9373,0.04427713082237131
infomap,0.27836299928834185,5,3289,0.04806738842727531
infomap,0.27836299928834185,6,54621,0.022153498792094637
infomap,0.27836299928834185,6,21588,0.007438286895016013
infomap,0.27836299928834185,5,23019,0.005100298457410748
infomap,0.27836299928834185,5,57408,0.021684639150227607
infomap,0.27836299928834185,7,18144,0.02607049002665743
infomap,0.3222014101800649,8,43667,0.35659656581043664
infomap,0.3222014101800649,7,55824,0.4137475521560461
infomap,0.3222014101800649,8,14480,0.34858311768978395
infomap,0.3222014101800649,7,57991,0.4351702384802006
infomap,0.3222014101800649,7,54596,0.35424035724194897
infomap,0.3222014101800649,5,50180,0.36260753026653986
infomap,0.3222014101800649,9,50469,0.3900148662956552
infomap,0.3222014101800649,8,2110,0.3888633304682682
infomap,0.3222014101800649,8,9373,0.41024811816802637
infomap,0.3222014101800649,8,3289,0.32225888138021797
infomap,0.3222014101800649,8,54621,0.4350574169898721
infomap,0.3222014101800649,9,21588,0.39938234760289143
infomap,0.3222014101800649,9,23019,0.4121920485162596
infomap,0.3222014101800649,8,57408,0.4396459643070241
infomap,0.3222014101800649,9,18144,0.3527165267152454
infomap,0.37294377840241305,13,43667,0.572174951201584
infomap,0.37294377840241305,11,55824,0.5073871833886338
infomap,0.37294377840241305,11,14480,0.5481956042771042
infomap,0.37294377840241305,11,57991,0.5846135330507178
infomap,0.37294377840241305,10,54596,0.503445606841712
infomap,0.37294377840241305,9,50180,0.4962457664032373
infomap,0.37294377840241305,11,50469,0.5002658193264323
infomap,0.37294377840241305,11,2110,0.4959739785905029
infomap,0.37294377840241305,11,9373,0.44896288254100186
infomap,0.37294377840241305,11,3289,0.5200121350395334
infomap,0.37294377840241305,13,54621,0.49170680690029483
infomap,0.37294377840241305,12,21588,0.5998550584170977
infomap,0.37294377840241305,11,23019,0.5704589783206866
infomap,0.37294377840241305,11,57408,0.5146988657786445
infomap,0.37294377840241305,13,18144,0.5012331060274603
infomap,0.4316773839423552,14,43667,0.5829405106222764
infomap,0.4316773839423552,14,55824,0.582735107396166
infomap,0.4316773839423552,14,14480,0.5870326002988613
infomap,0.4316773839423552,14,57991,0.6016581094550357
infomap,0.4316773839423552,11,54596,0.5770340635756881
infomap,0.4316773839423552,13,50180,0.5951564712827175
infomap,0.4316773839423552,15,50469,0.5920523224757372
infomap,0.4316773839423552,13,2110,0.6066348051324415
infomap,0.4316773839423552,13,9373,0.5942514238795792
infomap,0.4316773839423552,14,3289,0.6060486727218276
infomap,0.4316773839423552,13,54621,0.5972466072343505
infomap,0.4316773839423552,14,21588,0.5936834344535366
infomap,0.4316773839423552,15,23019,0.5848990268578944
infomap,0.4316773839423552,16,57408,0.5807255495993977
infomap,0.4316773839423552,15,18144,0.5658492509221639
infomap,0.4996607386924835,17,43667,0.6007222971414103
infomap,0.4996607386924835,17,55824,0.6146960134125432
infomap,0.4996607386924835,15,14480,0.6145887639276667
infomap,0.4996607386924835,16,57991,0.6079046347674623
infomap,0.4996607386924835,16,54596,0.6078476598404015
infomap,0.4996607386924835,16,50180,0.6033004458108049
infomap,0.4996607386924835,18,50469,0.612631056034153
infomap,0.4996607386924835,16,2110,0.6101831948130504
infomap,0.4996607386924835,16,9373,0.6014343405524073
infomap,0.4996607386924835,18,3289,0.6080956497868701
infomap,0.4996607386924835,15,54621,0.6164991532697658
infomap,0.4996607386924835,17,21588,0.6072080566700115
infomap,0.4996607386924835,17,23019,0.6135929757704967
infomap,0.4996607386924835,17,57408,0.6128223535047157
infomap,0.4996607386924835,18,18144,0.6163984244564871
infomap,0.5783505531623061,21,43667,0.6538548415120958
infomap,0.5783505531623061,22,55824,0.6512361175641039
infomap,0.5783505531623061,22,14480,0.6525012262826207
infomap,0.5783505531623061,21,57991,0.6076100193375115
infomap,0.5783505531623061,22,54596,0.65080786362903
infomap,0.5783505531623061,21,50180,0.6538002125474799
infomap,0.5783505531623061,23,50469,0.6544093692526638
infomap,0.5783505531623061,20,2110,0.6621325752583811
infomap,0.5783505531623061,22,9373,0.6490800955597714
infomap,0.5783505531623061,22,3289,0.6515722257200168
infomap,0.5783505531623061,23,54621,0.6509479377417301
infomap,0.5783505531623061,23,21588,0.6489595434306539
infomap,0.5783505531623061,23,23019,0.6516424353833259
infomap,0.5783505531623061,20,57408,0.6538721260340133
infomap,0.5783505531623061,22,18144,0.6149318553711304
infomap,0.6694329500821696,24,43667,0.6534371840208282
infomap,0.6694329500821696,23,55824,0.6548398934730821
infomap,0.6694329500821696,26,14480,0.6528030839366624
infomap,0.6694329500821696,27,57991,0.6478917271061146
infomap,0.6694329500821696,25,54596,0.649334651568745
infomap,0.6694329500821696,25,50180,0.6502564810913185
infomap,0.6694329500821696,26,50469,0.6521509193395718
infomap,0.6694329500821696,26,2110,0.6533878657609209
infomap,0.6694329500821696,26,9373,0.6492229512334203
infomap,0.6694329500821696,25,3289,0.6521056582081344
infomap,0.6694329500821696,24,54621,0.6522938785742954
infomap,0.6694329500821696,26,21588,0.6506787540480766
infomap,0.6694329500821696,25,23019,0.6540328080008097
infomap,0.6694329500821696,25,57408,0.6560796027371419
infomap,0.6694329500821696,25,18144,0.649178313840695
infomap,0.7748595937280142,27,43667,0.6519580632147423
infomap,0.7748595937280142,29,55824,0.6503620037309258
infomap,0.7748595937280142,27,14480,0.6545981367963365
infomap,0.7748595937280142,31,57991,0.6450006902983662
infomap,0.7748595937280142,29,54596,0.6501066607810988
infomap,0.7748595937280142,28,50180,0.6492041570874753
infomap,0.7748595937280142,27,50469,0.6523284153694078
infomap,0.7748595937280142,28,2110,0.653963039714901
infomap,0.7748595937280142,29,9373,0.6454498603057125
infomap,0.7748595937280142,29,3289,0.6499837923360651
infomap,0.7748595937280142,29,54621,0.6509394421692425
infomap,0.7748595937280142,29,21588,0.6501899306007387
infomap,0.7748595937280142,30,23019,0.651017502768711
infomap,0.7748595937280142,29,57408,0.6519203473267816
infomap,0.7748595937280142,29,18144,0.6473761737792448
infomap,0.8968895091265613,34,43667,0.6446370255397765
infomap,0.8968895091265613,34,55824,0.6450249023042699
infomap,0.8968895091265613,38,14480,0.6420292755094456
infomap,0.8968895091265613,36,57991,0.6379116772634708
infomap,0.8968895091265613,34,54596,0.6444748488239074
infomap,0.8968895091265613,35,50180,0.6411721824897076
infomap,0.8968895091265613,34,50469,0.6457033202093655
infomap,0.8968895091265613,35,2110,0.6454219923649368
infomap,0.8968895091265613,36,9373,0.6378161854908538
infomap,0.8968895091265613,35,3289,0.6427073531721156
infomap,0.8968895091265613,39,54621,0.6400568128460036
infomap,0.8968895091265613,36,21588,0.6428121391579119
infomap,0.8968895091265613,35,23019,0.6431340290153658
infomap,0.8968895091265613,36,57408,0.6432349327372542
infomap,0.8968895091265613,38,18144,0.6426207265356445
infomap,1.0381374872202243,42,43667,0.6331454888541929
infomap,1.0381374872202243,46,55824,0.6289803061337674
infomap,1.0381374872202243,44,14480,0.6321584893685097
infomap,1.0381374872202243,44,57991,0.6335840045727182
infomap,1.0381374872202243,42,54596,0.6334945876548879
infomap,1.0381374872202243,43,50180,0.6331083255528928
infomap,1.0381374872202243,45,50469,0.6346573321618737
infomap,1.0381374872202243,43,2110,0.636029884159103
infomap,1.0381374872202243,47,9373,0.6289778515375017
infomap,1.0381374872202243,44,3289,0.6321801092705139
infomap,1.0381374872202243,42,54621,0.6360456425819738
infomap,1.0381374872202243,44,21588,0.6329498182062974
infomap,1.0381374872202243,45,23019,0.632332239488003
infomap,1.0381374872202243,43,57408,0.6351682098626232
infomap,1.0381374872202243,46,18144,0.6300868248907212
infomap,1.201630113191391,53,43667,0.6192256459708644
infomap,1.201630113191391,7,55824,0.4011453475389185
infomap,1.201630113191391,51,14480,0.6242668619626524
infomap,1.201630113191391,57,57991,0.6148796673920385
infomap,1.201630113191391,53,54596,0.6133195151828894
infomap,1.201630113191391,6,50180,0.40471708145697305
infomap,1.201630113191391,52,50469,0.6207230330273275
infomap,1.201630113191391,7,2110,0.4412097587294932
infomap,1.201630113191391,53,9373,0.6175986955539176
infomap,1.201630113191391,8,3289,0.4414230575647335
infomap,1.201630113191391,54,54621,0.6205223066739797
infomap,1.201630113191391,54,21588,0.613137437658173
infomap,1.201630113191391,53,23019,0.6144218936479275
infomap,1.201630113191391,7,57408,0.4517859305486917
infomap,1.201630113191391,52,18144,0.6231700773950142
infomap,1.3908706184906818,7,43667,0.4317985552358422
infomap,1.3908706184906818,8,55824,0.45878159718565953
infomap,1.3908706184906818,7,14480,0.44328278605306004
infomap,1.3908706184906818,6,57991,0.4450495589622766
infomap,1.3908706184906818,7,54596,0.43551493767693567
infomap,1.3908706184906818,7,50180,0.4405865509458777
infomap,1.3908706184906818,8,50469,0.4699319620167909
infomap,1.3908706184906818,7,2110,0.4420497968331569
infomap,1.3908706184906818,7,9373,0.43596925271547715
infomap,1.3908706184906818,8,3289,0.4411920968137103
infomap,1.3908706184906818,8,54621,0.47267397457985777
infomap,1.3908706184906818,8,21588,0.4460491493963098
infomap,1.3908706184906818,8,23019,0.43650272857983585
infomap,1.3908706184906818,7,57408,0.46089828048643106
infomap,1.3908706184906818,8,18144,0.43399908850284546
infomap,1.609913946183311,10,43667,0.6112340342886996
infomap,1.609913946183311,10,55824,0.6385589589327738
infomap,1.609913946183311,9,14480,0.6388535032815149
infomap,1.609913946183311,9,57991,0.5648391228154948
infomap,1.609913946183311,10,54596,0.6480684737041182
infomap,1.609913946183311,10,50180,0.6487150689156806
infomap,1.609913946183311,10,50469,0.6479614086585276
infomap,1.609913946183311,8,2110,0.6245772536472308
infomap,1.609913946183311,10,9373,0.6420489851886969
infomap,1.609913946183311,11,3289,0.6499396571591421
infomap,1.609913946183311,10,54621,0.613572778961979
infomap,1.609913946183311,11,21588,0.6186383210491061
infomap,1.609913946183311,11,23019,0.6534291895143308
infomap,1.609913946183311,11,57408,0.6386595991176288
infomap,1.609913946183311,11,18144,0.6141556904790748
infomap,1.8634536380731554,10,43667,0.6597200477651693
infomap,1.8634536380731554,11,55824,0.6578540990220052
infomap,1.8634536380731554,12,14480,0.6586418208378872
infomap,1.8634536380731554,10,57991,0.6581852146786865
infomap,1.8634536380731554,11,54596,0.6540144489527694
infomap,1.8634536380731554,11,50180,0.6531675044657929
infomap,1.8634536380731554,13,50469,0.6513099576768077
infomap,1.8634536380731554,12,2110,0.657632582836157
infomap,1.8634536380731554,11,9373,0.6551136636495933
infomap,1.8634536380731554,14,3289,0.6529892726639903
infomap,1.8634536380731554,10,54621,0.6531248770983674
infomap,1.8634536380731554,12,21588,0.6542658319102971
infomap,1.8634536380731554,11,23019,0.6617146993258505
infomap,1.8634536380731554,12,57408,0.6576558753023881
infomap,1.8634536380731554,13,18144,0.6534042140631922
infomap,2.1569224053747607,11,43667,0.6618243630886407
infomap,2.1569224053747607,14,55824,0.6538850573345054
infomap,2.1569224053747607,15,14480,0.6582611840257487
infomap,2.1569224053747607,14,57991,0.6505157030445422
infomap,2.1569224053747607,13,54596,0.649406768719333
infomap,2.1569224053747607,13,50180,0.6519551230363281
infomap,2.1569224053747607,13,50469,0.65680539823175
infomap,2.1569224053747607,16,2110,0.6503713877953122
infomap,2.1569224053747607,14,9373,0.6572870636726882
infomap,2.1569224053747607,12,3289,0.6539040407297222
infomap,2.1569224053747607,15,54621,0.6596975190867431
infomap,2.1569224053747607,14,21588,0.6586459353836407
infomap,2.1569224053747607,14,23019,0.6600749408786615
infomap,2.1569224053747607,12,57408,0.6611188317988412
infomap,2.1569224053747607,16,18144,0.6527606440265936
infomap,2.496608537907183,18,43667,0.6570660087981404
infomap,2.496608537907183,17,55824,0.6571935994375702
infomap,2.496608537907183,18,14480,0.6538253069263991
infomap,2.496608537907183,19,57991,0.6512837616273423
infomap,2.496608537907183,19,54596,0.6512681474286709
infomap,2.496608537907183,19,50180,0.6529192245576328
infomap,2.496608537907183,19,50469,0.650186226027837
infomap,2.496608537907183,18,2110,0.6584984975875529
infomap,2.496608537907183,17,9373,0.6523168527419971
infomap,2.496608537907183,18,3289,0.6555365955109225
infomap,2.496608537907183,18,54621,0.6555636527450377
infomap,2.496608537907183,18,21588,0.6546484854591607
infomap,2.496608537907183,20,23019,0.6547158841188907
infomap,2.496608537907183,19,57408,0.6560437057007086
infomap,2.496608537907183,20,18144,0.6536645577559713
infomap,2.8897906461628424,19,43667,0.6547477429701464
infomap,2.8897906461628424,21,55824,0.6490605784656677
infomap,2.8897906461628424,21,14480,0.6520616971908297
infomap,2.8897906461628424,20,57991,0.650133524860278
infomap,2.8897906461628424,18,54596,0.6552016062713284
infomap,2.8897906461628424,19,50180,0.648401184127395
infomap,2.8897906461628424,20,50469,0.6533939326352747
infomap,2.8897906461628424,19,2110,0.6562020864622089
infomap,2.8897906461628424,21,9373,0.6485901761219193
infomap,2.8897906461628424,20,3289,0.6543487014291298
infomap,2.8897906461628424,19,54621,0.6552681878672886
infomap,2.8897906461628424,20,21588,0.6533287399833848
infomap,2.8897906461628424,19,23019,0.6575220432729924
infomap,2.8897906461628424,18,57408,0.6578136054557471
infomap,2.8897906461628424,21,18144,0.6518767873350307
infomap,3.344893623431454,23,43667,0.6484111836199865
infomap,3.344893623431454,24,55824,0.650136550288787
infomap,3.344893623431454,22,14480,0.6510982926443644
infomap,3.344893623431454,25,57991,0.6442996579832191
infomap,3.344893623431454,22,54596,0.6496576032816175
infomap,3.344893623431454,21,50180,0.6509095687106738
infomap,3.344893623431454,25,50469,0.6467394561650147
infomap,3.344893623431454,25,2110,0.6466255800045616
infomap,3.344893623431454,22,9373,0.644002295349327
infomap,3.344893623431454,22,3289,0.6497331258721305
infomap,3.344893623431454,24,54621,0.6486174425198753
infomap,3.344893623431454,23,21588,0.6474482654952456
infomap,3.344893623431454,25,23019,0.6477104070669327
infomap,3.344893623431454,21,57408,0.6531708567955121
infomap,3.344893623431454,25,18144,0.6446070329700458
infomap,3.871669169850972,25,43667,0.6498335087444496
infomap,3.871669169850972,25,55824,0.6491668571161056
infomap,3.871669169850972,26,14480,0.6469893596239887
infomap,3.871669169850972,27,57991,0.6431727968431361
infomap,3.871669169850972,27,54596,0.6445416417476365
infomap,3.871669169850972,25,50180,0.6458960072902684
infomap,3.871669169850972,27,50469,0.6462174789267601
infomap,3.871669169850972,25,2110,0.642966252168342
infomap,3.871669169850972,28,9373,0.6415363646775414
infomap,3.871669169850972,27,3289,0.6445321532369305
infomap,3.871669169850972,27,54621,0.6443137756916052
infomap,3.871669169850972,25,21588,0.6468028948074229
infomap,3.871669169850972,27,23019,0.6485180654540963
infomap,3.871669169850972,26,57408,0.6438419289662145
infomap,3.871669169850972,31,18144,0.6423810913302752
infomap,4.481404746557166,28,43667,0.6424557951895857
infomap,4.481404746557166,29,55824,0.6456061736991002
infomap,4.481404746557166,29,14480,0.6423648428258919
infomap,4.481404746557166,29,57991,0.6396172279564905
infomap,4.481404746557166,27,54596,0.6438968027755517
infomap,4.481404746557166,30,50180,0.6397330313617683
infomap,4.481404746557166,31,50469,0.6404932966126442
infomap,4.481404746557166,28,2110,0.6483632453725996
infomap,4.481404746557166,31,9373,0.6353266931596662
infomap,4.481404746557166,29,3289,0.6436456518589184
infomap,4.481404746557166,29,54621,0.6428523588091342
infomap,4.481404746557166,30,21588,0.6392344479455421
infomap,4.481404746557166,29,23019,0.6461233464707513
infomap,4.481404746557166,28,57408,0.6467435457936718
infomap,4.481404746557166,31,18144,0.6417660809998659
infomap,5.187165437288158,29,43667,0.6432210500108986
infomap,5.187165437288158,31,55824,0.6438466436559028
infomap,5.187165437288158,30,14480,0.6428367487456795
infomap,5.187165437288158,28,57991,0.6412875169801703
infomap,5.187165437288158,29,54596,0.6414282932204048
infomap,5.187165437288158,31,50180,0.6388780336766156
infomap,5.187165437288158,33,50469,0.6389927420183076
infomap,5.187165437288158,29,2110,0.6462417043599513
infomap,5.187165437288158,30,9373,0.6347660692886642
infomap,5.187165437288158,32,3289,0.6379435974759914
infomap,5.187165437288158,31,54621,0.6412082579867793
infomap,5.187165437288158,33,21588,0.6379983550892832
infomap,5.187165437288158,30,23019,0.6440201690719515
infomap,5.187165437288158,27,57408,0.6452527115462418
infomap,5.187165437288158,31,18144,0.6407392321916839
infomap,6.004073899923431,32,43667,0.643103976947305
infomap,6.004073899923431,35,55824,0.640924601796077
infomap,6.004073899923431,32,14480,0.6414937065146975
infomap,6.004073899923431,34,57991,0.6365829324693533
infomap,6.004073899923431,32,54596,0.6393833189174878
infomap,6.004073899923431,32,50180,0.6401676155949667
infomap,6.004073899923431,34,50469,0.639593379881806
infomap,6.004073899923431,33,2110,0.6414169862687785
infomap,6.004073899923431,36,9373,0.6317642812975272
infomap,6.004073899923431,32,3289,0.6394997617245719
infomap,6.004073899923431,33,54621,0.6404121194302564
infomap,6.004073899923431,33,21588,0.6392839676902773
infomap,6.004073899923431,33,23019,0.6419179307125525
infomap,6.004073899923431,30,57408,0.6446233638094002
infomap,6.004073899923431,33,18144,0.6394871429484236
infomap,6.949634406607253,33,43667,0.6323998276394726
infomap,6.949634406607253,36,55824,0.6387966863880659
infomap,6.949634406607253,29,14480,0.6426742947436567
infomap,6.949634406607253,34,57991,0.6296857662458377
infomap,6.949634406607253,32,54596,0.6402897640898682
infomap,6.949634406607253,32,50180,0.6375749522566325
infomap,6.949634406607253,37,50469,0.636169286464141
infomap,6.949634406607253,34,2110,0.6419208179331753
infomap,6.949634406607253,35,9373,0.6346378947303584
infomap,6.949634406607253,34,3289,0.6422888534087933
infomap,6.949634406607253,34,54621,0.6422654667635592
infomap,6.949634406607253,34,21588,0.6377155644966982
infomap,6.949634406607253,35,23019,0.6399951641886177
infomap,6.949634406607253,30,57408,0.6442725487833973
infomap,6.949634406607253,38,18144,0.6346143350222594
infomap,8.044107915812841,35,43667,0.6390671219252491
infomap,8.044107915812841,35,55824,0.6425798352538815
infomap,8.044107915812841,36,14480,0.6365782209641717
infomap,8.044107915812841,34,57991,0.6363324562401694
infomap,8.044107915812841,33,54596,0.6396467505920543
infomap,8.044107915812841,38,50180,0.6339466666683146
infomap,8.044107915812841,37,50469,0.6396143442211085
infomap,8.044107915812841,35,2110,0.6383587160342692
infomap,8.044107915812841,41,9373,0.6288077431348499
infomap,8.044107915812841,38,3289,0.6354122637290991
infomap,8.044107915812841,38,54621,0.6395990240648006
infomap,8.044107915812841,35,21588,0.6367536220208315
infomap,8.044107915812841,37,23019,0.6391163211999754
infomap,8.044107915812841,32,57408,0.6440403032021386
infomap,8.044107915812841,39,18144,0.6360563902514664
infomap,9.31094621318829,37,43667,0.6383799474677716
infomap,9.31094621318829,37,55824,0.6403420839952488
infomap,9.31094621318829,37,14480,0.6382285575561488
infomap,9.31094621318829,37,57991,0.63614214671425
infomap,9.31094621318829,38,54596,0.6346552491453684
infomap,9.31094621318829,39,50180,0.6331377512423004
infomap,9.31094621318829,39,50469,0.6372318310890035
infomap,9.31094621318829,39,2110,0.6383396056918776
infomap,9.31094621318829,42,9373,0.628062354315507
infomap,9.31094621318829,40,3289,0.6368706158900566
infomap,9.31094621318829,41,54621,0.6374291869528221
infomap,9.31094621318829,40,21588,0.6372838071166779
infomap,9.31094621318829,39,23019,0.637364187430577
infomap,9.31094621318829,35,57408,0.641670122261853
infomap,9.31094621318829,42,18144,0.6323841124447723
infomap,10.777294423719212,36,43667,0.6363199333435601
infomap,10.777294423719212,41,55824,0.6356353616520675
infomap,10.777294423719212,40,14480,0.635102785657868
infomap,10.777294423719212,39,57991,0.6358675433896818
infomap,10.777294423719212,38,54596,0.6341813109465484
infomap,10.777294423719212,40,50180,0.632840380576012
infomap,10.777294423719212,39,50469,0.6358673805292293
infomap,10.777294423719212,39,2110,0.6377410346597173
infomap,10.777294423719212,40,9373,0.634695430371321
infomap,10.777294423719212,41,3289,0.6330157062444488
infomap,10.777294423719212,42,54621,0.635831499846953
infomap,10.777294423719212,40,21588,0.6342909812794668
infomap,10.777294423719212,41,23019,0.6381224100181037
infomap,10.777294423719212,37,57408,0.6386870118076472
infomap,10.777294423719212,43,18144,0.6337072841966399
infomap,12.47457266276664,38,43667,0.6397785729845348
infomap,12.47457266276664,39,55824,0.6373267163543714
infomap,12.47457266276664,41,14480,0.6341803823336403
infomap,12.47457266276664,40,57991,0.6345133678683978
infomap,12.47457266276664,40,54596,0.6348239753882245
infomap,12.47457266276664,42,50180,0.6332634196807508
infomap,12.47457266276664,39,50469,0.635871408712422
infomap,12.47457266276664,39,2110,0.6410433840754749
infomap,12.47457266276664,40,9373,0.6321988920811504
infomap,12.47457266276664,42,3289,0.6354668686926548
infomap,12.47457266276664,40,54621,0.6371334895181016
infomap,12.47457266276664,40,21588,0.6356377561260632
infomap,12.47457266276664,41,23019,0.6375236656635547
infomap,12.47457266276664,40,57408,0.6381701546339604
infomap,12.47457266276664,41,18144,0.634191381565343
infomap,14.439149289283547,40,43667,0.6365867176886324
infomap,14.439149289283547,40,55824,0.6363901802877591
infomap,14.439149289283547,43,14480,0.6341790685946194
infomap,14.439149289283547,42,57991,0.6335419867223772
infomap,14.439149289283547,41,54596,0.6368042845452702
infomap,14.439149289283547,43,50180,0.6317442965805907
infomap,14.439149289283547,41,50469,0.6393826285379403
infomap,14.439149289283547,40,2110,0.6392525297239189
infomap,14.439149289283547,43,9373,0.6313381465606019
infomap,14.439149289283547,41,3289,0.6395439412665223
infomap,14.439149289283547,44,54621,0.6360717500902318
infomap,14.439149289283547,42,21588,0.632489906116655
infomap,14.439149289283547,41,23019,0.6386437009818119
infomap,14.439149289283547,42,57408,0.6398852582569494
infomap,14.439149289283547,44,18144,0.6333708774623419
infomap,16.71312018731537,472,43667,-0.0039554475180513205
infomap,16.71312018731537,472,55824,-0.003933434755647485
infomap,16.71312018731537,472,14480,-0.003922204929992642
infomap,16.71312018731537,472,57991,-0.003890621079983782
infomap,16.71312018731537,472,54596,-0.003962814109462255
infomap,16.71312018731537,472,50180,-0.00395629721456189
infomap,16.71312018731537,472,50469,-0.003961382299852659
infomap,16.71312018731537,472,2110,-0.00392499426831016
infomap,16.71312018731537,472,9373,-0.003972499456974695
infomap,16.71312018731537,41,3289,0.6395439412665223
infomap,16.71312018731537,472,54621,-0.003920006888941477
infomap,16.71312018731537,472,21588,-0.0039194398088363
infomap,16.71312018731537,472,23019,-0.003926570648429492
infomap,16.71312018731537,472,57408,-0.003942721792981392
infomap,16.71312018731537,472,18144,-0.003948039833922533
infomap,19.345210773806517,472,43667,-0.0039554475180513205
infomap,19.345210773806517,472,55824,-0.003933434755647485
infomap,19.345210773806517,472,14480,-0.003922204929992642
infomap,19.345210773806517,472,57991,-0.003890621079983782
infomap,19.345210773806517,472,54596,-0.003962814109462255
infomap,19.345210773806517,472,50180,-0.00395629721456189
infomap,19.345210773806517,472,50469,-0.003961382299852659
infomap,19.345210773806517,472,2110,-0.00392499426831016
infomap,19.345210773806517,472,9373,-0.003972499456974695
infomap,19.345210773806517,472,3289,-0.003914834642024041
infomap,19.345210773806517,472,54621,-0.003920006888941477
infomap,19.345210773806517,472,21588,-0.0039194398088363
infomap,19.345210773806517,472,23019,-0.003926570648429492
infomap,19.345210773806517,472,57408,-0.003942721792981392
infomap,19.345210773806517,472,18144,-0.003948039833922533
infomap,22.39182006044756,472,43667,-0.0039554475180513205
infomap,22.39182006044756,472,55824,-0.003933434755647485
infomap,22.39182006044756,472,14480,-0.003922204929992642
infomap,22.39182006044756,472,57991,-0.003890621079983782
infomap,22.39182006044756,472,54596,-0.003962814109462255
infomap,22.39182006044756,472,50180,-0.00395629721456189
infomap,22.39182006044756,472,50469,-0.003961382299852659
infomap,22.39182006044756,472,2110,-0.00392499426831016
infomap,22.39182006044756,472,9373,-0.003972499456974695
infomap,22.39182006044756,472,3289,-0.003914834642024041
infomap,22.39182006044756,472,54621,-0.003920006888941477
infomap,22.39182006044756,472,21588,-0.0039194398088363
infomap,22.39182006044756,472,23019,-0.003926570648429492
infomap,22.39182006044756,472,57408,-0.003942721792981392
infomap,22.39182006044756,472,18144,-0.003948039833922533
infomap,25.91822914115521,472,43667,-0.0039554475180513205
infomap,25.91822914115521,472,55824,-0.003933434755647485
infomap,25.91822914115521,472,14480,-0.003922204929992642
infomap,25.91822914115521,472,57991,-0.003890621079983782
infomap,25.91822914115521,472,54596,-0.003962814109462255
infomap,25.91822914115521,472,50180,-0.00395629721456189
infomap,25.91822914115521,472,50469,-0.003961382299852659
infomap,25.91822914115521,472,2110,-0.00392499426831016
infomap,25.91822914115521,472,9373,-0.003972499456974695
infomap,25.91822914115521,472,3289,-0.003914834642024041
infomap,25.91822914115521,472,54621,-0.003920006888941477
infomap,25.91822914115521,472,21588,-0.0039194398088363
infomap,25.91822914115521,472,23019,-0.003926570648429492
infomap,25.91822914115521,472,57408,-0.003942721792981392
infomap,25.91822914115521,472,18144,-0.003948039833922533
infomap,30.0,472,43667,-0.0039554475180513205
infomap,30.0,472,55824,-0.003933434755647485
infomap,30.0,472,14480,-0.003922204929992642
infomap,30.0,472,57991,-0.003890621079983782
infomap,30.0,472,54596,-0.003962814109462255
infomap,30.0,472,50180,-0.00395629721456189
infomap,30.0,472,50469,-0.003961382299852659
infomap,30.0,472,2110,-0.00392499426831016
infomap,30.0,472,9373,-0.003972499456974695
infomap,30.0,472,3289,-0.003914834642024041
infomap,30.0,472,54621,-0.003920006888941477
infomap,30.0,472,21588,-0.0039194398088363
infomap,30.0,472,23019,-0.003926570648429492
infomap,30.0,472,57408,-0.003942721792981392
infomap,30.0,472,18144,-0.003948039833922533
leiden,0.1,3,43667,0.0014323077489311904
leiden,0.1,4,55824,0.0014414083106219406
leiden,0.1,3,14480,0.0014439702241481785
leiden,0.1,3,57991,0.0014471819708176223
leiden,0.1,3,54596,0.00143734222613207
leiden,0.1,3,50180,0.0014331677722810886
leiden,0.1,4,50469,0.0014414236569503945
leiden,0.1,3,2110,0.001433120036897999
leiden,0.1,3,9373,0.0014377555619198034
leiden,0.1,3,3289,0.0014406505828691045
leiden,0.1,4,54621,0.001441306613267985
leiden,0.1,4,21588,0.0014469974693700253
leiden,0.1,4,23019,0.0014364391430472206
leiden,0.1,3,57408,0.001432269820529589
leiden,0.1,4,18144,0.0014359725895207764
leiden,0.11574864870826927,3,43667,0.0014323077489311904
leiden,0.11574864870826927,4,55824,0.0014414083106219406
leiden,0.11574864870826927,3,14480,0.0014439702241481785
leiden,0.11574864870826927,3,57991,0.0014471819708176223
leiden,0.11574864870826927,3,54596,0.00143734222613207
leiden,0.11574864870826927,3,50180,0.0014331677722810886
leiden,0.11574864870826927,4,50469,0.0014414236569503945
leiden,0.11574864870826927,3,2110,0.001433120036897999
leiden,0.11574864870826927,3,9373,0.0014377555619198034
leiden,0.11574864870826927,3,3289,0.0014406505828691045
leiden,0.11574864870826927,4,54621,0.001441306613267985
leiden,0.11574864870826927,4,21588,0.0014469974693700253
leiden,0.11574864870826927,4,23019,0.0014364391430472206
leiden,0.11574864870826927,3,57408,0.001432269820529589
leiden,0.11574864870826927,4,18144,0.0014359725895207764
leiden,0.13397749677790324,3,43667,0.0014323077489311904
leiden,0.13397749677790324,4,55824,0.0014414083106219406
leiden,0.13397749677790324,3,14480,0.0014439702241481785
leiden,0.13397749677790324,3,57991,0.0014471819708176223
leiden,0.13397749677790324,3,54596,0.00143734222613207
leiden,0.13397749677790324,3,50180,0.0014331677722810886
leiden,0.13397749677790324,4,50469,0.0014414236569503945
leiden,0.13397749677790324,3,2110,0.001433120036897999
leiden,0.13397749677790324,3,9373,0.0014377555619198034
leiden,0.13397749677790324,3,3289,0.0014406505828691045
leiden,0.13397749677790324,4,54621,0.001441306613267985
leiden,0.13397749677790324,4,21588,0.0014469974693700253
leiden,0.13397749677790324,4,23019,0.0014364391430472206
leiden,0.13397749677790324,3,57408,0.001432269820529589
leiden,0.13397749677790324,5,18144,0.005100309298877555
leiden,0.155077142093588,3,43667,0.3194465473526388
leiden,0.155077142093588,4,55824,0.38041357745242255
leiden,0.155077142093588,3,14480,0.3114908465611858
leiden,0.155077142093588,3,57991,0.37457099073148004
leiden,0.155077142093588,3,54596,0.3737613764878451
leiden,0.155077142093588,3,50180,0.3778951109002225
leiden,0.155077142093588,4,50469,0.37846057599251365
leiden,0.155077142093588,3,2110,0.36262677711451136
leiden,0.155077142093588,3,9373,0.3142761367565986
leiden,0.155077142093588,4,3289,0.37966795568996886
leiden,0.155077142093588,4,54621,0.3467202192095751
leiden,0.155077142093588,4,21588,0.3750321997337128
leiden,0.155077142093588,4,23019,0.3779024181566403
leiden,0.155077142093588,3,57408,0.37868417099176827
leiden,0.155077142093588,4,18144,0.37514483980495394
leiden,0.1794996964287307,3,43667,0.3662843975234557
leiden,0.1794996964287307,4,55824,0.38089473951054265
leiden,0.1794996964287307,3,14480,0.3856800646042336
leiden,0.1794996964287307,3,57991,0.37457099073148004
leiden,0.1794996964287307,3,54596,0.3795097985475868
leiden,0.1794996964287307,3,50180,0.3778951109002225
leiden,0.1794996964287307,4,50469,0.3746313203453222
leiden,0.1794996964287307,4,2110,0.4072757743644432
leiden,0.1794996964287307,4,9373,0.412691910681966
leiden,0.1794996964287307,4,3289,0.39831985415459004
leiden,0.1794996964287307,4,54621,0.3790920944709053
leiden,0.1794996964287307,4,21588,0.3750321997337128
leiden,0.1794996964287307,5,23019,0.4150750971482672
leiden,0.1794996964287307,3,57408,0.399354629136337
leiden,0.1794996964287307,5,18144,0.3255169897225475
leiden,0.2077684730517013,4,43667,0.48110356345830707
leiden,0.2077684730517013,5,55824,0.4186701376040543
leiden,0.2077684730517013,4,14480,0.4101689235991577
leiden,0.2077684730517013,4,57991,0.4927993906472817
leiden,0.2077684730517013,4,54596,0.41601659465036256
leiden,0.2077684730517013,4,50180,0.4228350449852262
leiden,0.2077684730517013,5,50469,0.4161318464925319
leiden,0.2077684730517013,4,2110,0.41511517966471567
leiden,0.2077684730517013,4,9373,0.41306630978112835
leiden,0.2077684730517013,5,3289,0.41630205866237735
leiden,0.2077684730517013,5,54621,0.45002138173571254
leiden,0.2077684730517013,5,21588,0.4150553921717063
leiden,0.2077684730517013,5,23019,0.4253777818906899
leiden,0.2077684730517013,4,57408,0.42165240622259315
leiden,0.2077684730517013,5,18144,0.4141209151127258
leiden,0.24048919999914883,5,43667,0.510091186134003
leiden,0.24048919999914883,6,55824,0.4987980884328653
leiden,0.24048919999914883,4,14480,0.48849163721266153
leiden,0.24048919999914883,4,57991,0.4927993906472817
leiden,0.24048919999914883,5,54596,0.5077863498577622
leiden,0.24048919999914883,5,50180,0.507810661751588
leiden,0.24048919999914883,6,50469,0.5062710707987371
leiden,0.24048919999914883,5,2110,0.49247201572017174
leiden,0.24048919999914883,5,9373,0.5091261835685966
leiden,0.24048919999914883,6,3289,0.4944836326753998
leiden,0.24048919999914883,6,54621,0.5197554973218976
leiden,0.24048919999914883,5,21588,0.49017460095678633
leiden,0.24048919999914883,6,23019,0.5062914939390756
leiden,0.24048919999914883,5,57408,0.4997814511181167
leiden,0.24048919999914883,6,18144,0.5015395476497775
leiden,0.27836299928834185,6,43667,0.5766828327734402
leiden,0.27836299928834185,6,55824,0.5170243876907892
leiden,0.27836299928834185,5,14480,0.5635507159975117
leiden,0.27836299928834185,5,57991,0.5255824520146538
leiden,0.27836299928834185,6,54596,0.5699559337780848
leiden,0.27836299928834185,6,50180,0.5729830879740258
leiden,0.27836299928834185,7,50469,0.5856394981670461
leiden,0.27836299928834185,6,2110,0.5801207358434232
leiden,0.27836299928834185,6,9373,0.5754722190267517
leiden,0.27836299928834185,8,3289,0.5317338827502928
leiden,0.27836299928834185,7,54621,0.5814112234818577
leiden,0.27836299928834185,7,21588,0.5091997549028516
leiden,0.27836299928834185,7,23019,0.5189073094338537
leiden,0.27836299928834185,6,57408,0.5764674776303563
leiden,0.27836299928834185,7,18144,0.5202538284792774
leiden,0.3222014101800649,6,43667,0.57755464599462
leiden,0.3222014101800649,7,55824,0.584994045321261
leiden,0.3222014101800649,7,14480,0.5844160422282332
leiden,0.3222014101800649,6,57991,0.5800102276730884
leiden,0.3222014101800649,6,54596,0.5751151967408235
leiden,0.3222014101800649,7,50180,0.5880310735176851
leiden,0.3222014101800649,8,50469,0.5909619945208725
leiden,0.3222014101800649,6,2110,0.5795573917788049
leiden,0.3222014101800649,6,9373,0.5741295224230178
leiden,0.3222014101800649,7,3289,0.5796329608197116
leiden,0.3222014101800649,7,54621,0.5865445622194139
leiden,0.3222014101800649,7,21588,0.5772022989400218
leiden,0.3222014101800649,7,23019,0.5783537864455321
leiden,0.3222014101800649,6,57408,0.5852436108455918
leiden,0.3222014101800649,8,18144,0.5209258887706637
leiden,0.37294377840241305,6,43667,0.5982644586738388
leiden,0.37294377840241305,9,55824,0.5962279851594576
leiden,0.37294377840241305,8,14480,0.5975542964788307
leiden,0.37294377840241305,7,57991,0.5914910285687074
leiden,0.37294377840241305,7,54596,0.5915232002922377
leiden,0.37294377840241305,7,50180,0.5941235700648031
leiden,0.37294377840241305,8,50469,0.5912428106831952
leiden,0.37294377840241305,7,2110,0.5961858856318942
leiden,0.37294377840241305,7,9373,0.587333702516415
leiden,0.37294377840241305,8,3289,0.6024475271262965
leiden,0.37294377840241305,8,54621,0.5948814677462811
leiden,0.37294377840241305,8,21588,0.5933281027583847
leiden,0.37294377840241305,9,23019,0.5929431795953789
leiden,0.37294377840241305,8,57408,0.63590929880929
leiden,0.37294377840241305,9,18144,0.5922187530678487
leiden,0.4316773839423552,9,43667,0.6420628972707256
leiden,0.4316773839423552,9,55824,0.6487816595640866
leiden,0.4316773839423552,8,14480,0.6076211555072276
leiden,0.4316773839423552,10,57991,0.5950479881602834
leiden,0.4316773839423552,7,54596,0.6448926636404041
leiden,0.4316773839423552,8,50180,0.5933526072535243
leiden,0.4316773839423552,8,50469,0.6441772993777032
leiden,0.4316773839423552,9,2110,0.6150584496655574
leiden,0.4316773839423552,8,9373,0.6055106195323355
leiden,0.4316773839423552,10,3289,0.6065185998078739
leiden,0.4316773839423552,10,54621,0.609436047994287
leiden,0.4316773839423552,9,21588,0.6380198540722543
leiden,0.4316773839423552,11,23019,0.6006638257936702
leiden,0.4316773839423552,7,57408,0.6097823958323881
leiden,0.4316773839423552,9,18144,0.6016205000817287
leiden,0.4996607386924835,9,43667,0.6559907379395652
leiden,0.4996607386924835,11,55824,0.6515562972332003
leiden,0.4996607386924835,8,14480,0.6533142751066717
leiden,0.4996607386924835,10,57991,0.644177242888121
leiden,0.4996607386924835,10,54596,0.6494334519851306
leiden,0.4996607386924835,8,50180,0.6499568424375183
leiden,0.4996607386924835,11,50469,0.6515117775521012
leiden,0.4996607386924835,9,2110,0.6589385072929234
leiden,0.4996607386924835,9,9373,0.6526017282756762
leiden,0.4996607386924835,10,3289,0.6550360684578294
leiden,0.4996607386924835,9,54621,0.6498825766067304
leiden,0.4996607386924835,9,21588,0.6519762708468789
leiden,0.4996607386924835,10,23019,0.6584042156356741
leiden,0.4996607386924835,10,57408,0.6502326204916455
leiden,0.4996607386924835,11,18144,0.6505797596440781
leiden,0.5783505531623061,10,43667,0.6594560217663856
leiden,0.5783505531623061,10,55824,0.6578880917609344
leiden,0.5783505531623061,9,14480,0.6591167924012047
leiden,0.5783505531623061,10,57991,0.6531574131356261
leiden,0.5783505531623061,9,54596,0.6572140926190897
leiden,0.5783505531623061,10,50180,0.6600607587176788
leiden,0.5783505531623061,10,50469,0.6571504800698933
leiden,0.5783505531623061,10,2110,0.6631451804617569
leiden,0.5783505531623061,10,9373,0.6579523569130045
leiden,0.5783505531623061,11,3289,0.659965008148613
leiden,0.5783505531623061,13,54621,0.654793091371783
leiden,0.5783505531623061,11,21588,0.6547014656100099
leiden,0.5783505531623061,11,23019,0.6637560370503025
leiden,0.5783505531623061,10,57408,0.6587115233407315
leiden,0.5783505531623061,12,18144,0.6551655001623324
leiden,0.6694329500821696,11,43667,0.6647349233666415
leiden,0.6694329500821696,10,55824,0.6589980476525491
leiden,0.6694329500821696,10,14480,0.6603488338077013
leiden,0.6694329500821696,10,57991,0.6574271294519982
leiden,0.6694329500821696,10,54596,0.6582640178730821
leiden,0.6694329500821696,10,50180,0.6607082687829581
leiden,0.6694329500821696,12,50469,0.6622618820659614
leiden,0.6694329500821696,10,2110,0.6640358139119972
leiden,0.6694329500821696,10,9373,0.6589104940364473
leiden,0.6694329500821696,12,3289,0.6630112774800826
leiden,0.6694329500821696,12,54621,0.6603785504977178
leiden,0.6694329500821696,12,21588,0.6555167318990041
leiden,0.6694329500821696,11,23019,0.6638169329215002
leiden,0.6694329500821696,11,57408,0.6644029537657109
leiden,0.6694329500821696,11,18144,0.6596123182134228
leiden,0.7748595937280142,12,43667,0.6656500701694789
leiden,0.7748595937280142,11,55824,0.6621627474261952
leiden,0.7748595937280142,11,14480,0.6608514258250422
leiden,0.7748595937280142,11,57991,0.6608156773901143
leiden,0.7748595937280142,11,54596,0.6636274149614035
leiden,0.7748595937280142,10,50180,0.6611931709928393
leiden,0.7748595937280142,12,50469,0.6622875548886148
leiden,0.7748595937280142,11,2110,0.6645296631422668
leiden,0.7748595937280142,10,9373,0.6592640766185005
leiden,0.7748595937280142,12,3289,0.6646345632014737
leiden,0.7748595937280142,12,54621,0.6624334057847752
leiden,0.7748595937280142,12,21588,0.6629418900977321
leiden,0.7748595937280142,11,23019,0.6638128064032792
leiden,0.7748595937280142,11,57408,0.6653455691885563
leiden,0.7748595937280142,11,18144,0.6614237611915601
leiden,0.8968895091265613,12,43667,0.6657614912608355
leiden,0.8968895091265613,12,55824,0.6638784885435202
leiden,0.8968895091265613,13,14480,0.6631924275947717
leiden,0.8968895091265613,12,57991,0.6612431183299406
leiden,0.8968895091265613,11,54596,0.6636786242230518
leiden,0.8968895091265613,12,50180,0.661637851632886
leiden,0.8968895091265613,13,50469,0.6628287677630046
leiden,0.8968895091265613,12,2110,0.6650147429091863
leiden,0.8968895091265613,11,9373,0.6602286625367717
leiden,0.8968895091265613,14,3289,0.6638633201479989
leiden,0.8968895091265613,13,54621,0.6633413161299674
leiden,0.8968895091265613,13,21588,0.662284133402014
leiden,0.8968895091265613,13,23019,0.6642061077414226
leiden,0.8968895091265613,11,57408,0.6656341614238741
leiden,0.8968895091265613,13,18144,0.6622255571524888
leiden,1.0381374872202243,14,43667,0.6666306838097636
leiden,1.0381374872202243,14,55824,0.6635120170178908
leiden,1.0381374872202243,14,14480,0.6636385563265379
leiden,1.0381374872202243,13,57991,0.6615696230185827
leiden,1.0381374872202243,12,54596,0.6632631149218394
leiden,1.0381374872202243,13,50180,0.6616764117606629
leiden,1.0381374872202243,14,50469,0.6628024127313971
leiden,1.0381374872202243,14,2110,0.6643758834190787
leiden,1.0381374872202243,13,9373,0.66109339353311
leiden,1.0381374872202243,14,3289,0.6651663634460064
leiden,1.0381374872202243,14,54621,0.6637836691204286
leiden,1.0381374872202243,15,21588,0.6637257654019172
leiden,1.0381374872202243,15,23019,0.6651187809043081
leiden,1.0381374872202243,13,57408,0.6657445918052429
leiden,1.0381374872202243,14,18144,0.6609154593349162
leiden,1.201630113191391,14,43667,0.6656356537176512
leiden,1.201630113191391,15,55824,0.6601250039701849
leiden,1.201630113191391,14,14480,0.662557162263588
leiden,1.201630113191391,15,57991,0.6593306236838324
leiden,1.201630113191391,14,54596,0.6624250214660322
leiden,1.201630113191391,14,50180,0.6598363212297181
leiden,1.201630113191391,16,50469,0.6620840328966457
leiden,1.201630113191391,16,2110,0.6645771914509029
leiden,1.201630113191391,14,9373,0.6609498283165003
leiden,1.201630113191391,15,3289,0.6641700555263473
leiden,1.201630113191391,15,54621,0.6619984299396814
leiden,1.201630113191391,16,21588,0.6627143147898747
leiden,1.201630113191391,15,23019,0.664050550650901
leiden,1.201630113191391,15,57408,0.6635132848373488
leiden,1.201630113191391,16,18144,0.6604263975889156
leiden,1.3908706184906818,16,43667,0.6633179657751298
leiden,1.3908706184906818,17,55824,0.657060516599714
leiden,1.3908706184906818,14,14480,0.6621907696055416
leiden,1.3908706184906818,17,57991,0.656779141717387
leiden,1.3908706184906818,15,54596,0.6559341209781896
leiden,1.3908706184906818,15,50180,0.6562022928338131
leiden,1.3908706184906818,18,50469,0.6590398849847512
leiden,1.3908706184906818,16,2110,0.6630650018399253
leiden,1.3908706184906818,15,9373,0.6586196671811132
leiden,1.3908706184906818,17,3289,0.6600783747570594
leiden,1.3908706184906818,17,54621,0.658419165795179
leiden,1.3908706184906818,16,21588,0.6608513333508245
leiden,1.3908706184906818,18,23019,0.6584997698398489
leiden,1.3908706184906818,16,57408,0.6604885193172714
leiden,1.3908706184906818,18,18144,0.6582558127379382
leiden,1.609913946183311,17,43667,0.6604014750109849
leiden,1.609913946183311,16,55824,0.6554592183128322
leiden,1.609913946183311,18,14480,0.6565336408196863
leiden,1.609913946183311,19,57991,0.6504259790347691
leiden,1.609913946183311,19,54596,0.6531704320422523
leiden,1.609913946183311,19,50180,0.6535979595518963
leiden,1.609913946183311,19,50469,0.6554813345325898
leiden,1.609913946183311,18,2110,0.6578992045386636
leiden,1.609913946183311,18,9373,0.6543256889552798
leiden,1.609913946183311,19,3289,0.6556201984712194
leiden,1.609913946183311,20,54621,0.6516308772719254
leiden,1.609913946183311,17,21588,0.6546703642576008
leiden,1.609913946183311,18,23019,0.6568772803664955
leiden,1.609913946183311,18,57408,0.6581708366835919
leiden,1.609913946183311,19,18144,0.6551176636228324
leiden,1.8634536380731554,19,43667,0.6544783920375402
leiden,1.8634536380731554,22,55824,0.6503017009769925
leiden,1.8634536380731554,20,14480,0.649417593407396
leiden,1.8634536380731554,19,57991,0.6474468264884659
leiden,1.8634536380731554,20,54596,0.6497107706478548
leiden,1.8634536380731554,21,50180,0.6521509648081637
leiden,1.8634536380731554,19,50469,0.6548798214741034
leiden,1.8634536380731554,18,2110,0.6514414157299468
leiden,1.8634536380731554,23,9373,0.6409604853867622
leiden,1.8634536380731554,22,3289,0.6436448939822781
leiden,1.8634536380731554,21,54621,0.6489542280994931
leiden,1.8634536380731554,22,21588,0.6471614277135198
leiden,1.8634536380731554,21,23019,0.6479622410458886
leiden,1.8634536380731554,19,57408,0.6513000544305033
leiden,1.8634536380731554,22,18144,0.6502934125228306
leiden,2.1569224053747607,22,43667,0.646223051276084
leiden,2.1569224053747607,24,55824,0.6410483225561026
leiden,2.1569224053747607,22,14480,0.647507648893636
leiden,2.1569224053747607,23,57991,0.6382530382674454
leiden,2.1569224053747607,23,54596,0.6370369978883642
leiden,2.1569224053747607,24,50180,0.6386404232506698
leiden,2.1569224053747607,24,50469,0.6222619650581958
leiden,2.1569224053747607,23,2110,0.6166017833853731
leiden,2.1569224053747607,26,9373,0.6077458084178441
leiden,2.1569224053747607,23,3289,0.6406957148209032
leiden,2.1569224053747607,24,54621,0.6398518048003068
leiden,2.1569224053747607,23,21588,0.6392168436576298
leiden,2.1569224053747607,23,23019,0.6197227692179489
leiden,2.1569224053747607,23,57408,0.6442870598957349
leiden,2.1569224053747607,23,18144,0.6225844272819914
leiden,2.496608537907183,23,43667,0.6337931218729739
leiden,2.496608537907183,25,55824,0.629106954327446
leiden,2.496608537907183,26,14480,0.6170934562222076
leiden,2.496608537907183,27,57991,0.6017901747713128
leiden,2.496608537907183,26,54596,0.6037957411049063
leiden,2.496608537907183,26,50180,0.6328357897752724
leiden,2.496608537907183,25,50469,0.6134896794996738
leiden,2.496608537907183,25,2110,0.6073378489906622
leiden,2.496608537907183,26,9373,0.6187658538377176
leiden,2.496608537907183,26,3289,0.6117138606414378
leiden,2.496608537907183,26,54621,0.6287239006630563
leiden,2.496608537907183,28,21588,0.6068982531975757
leiden,2.496608537907183,27,23019,0.6014147238291174
leiden,2.496608537907183,26,57408,0.6315951378963749
leiden,2.496608537907183,25,18144,0.6181254054675348
leiden,2.8897906461628424,28,43667,0.606243509119083
leiden,2.8897906461628424,29,55824,0.6173559710725932
leiden,2.8897906461628424,29,14480,0.5842669867021127
leiden,2.8897906461628424,29,57991,0.5910227050929014
leiden,2.8897906461628424,26,54596,0.5868583168135795
leiden,2.8897906461628424,27,50180,0.5935483798640855
leiden,2.8897906461628424,29,50469,0.590333671385394
leiden,2.8897906461628424,29,2110,0.5995867472728947
leiden,2.8897906461628424,29,9373,0.5955804145685188
leiden,2.8897906461628424,28,3289,0.6013317525606628
leiden,2.8897906461628424,27,54621,0.6106883739193851
leiden,2.8897906461628424,29,21588,0.598609693196971
leiden,2.8897906461628424,30,23019,0.5994757656240555
leiden,2.8897906461628424,28,57408,0.5944478040995265
leiden,2.8897906461628424,29,18144,0.5993750207089248
leiden,3.344893623431454,30,43667,0.5913622836213708
leiden,3.344893623431454,30,55824,0.5815384985877717
leiden,3.344893623431454,30,14480,0.576900733149889
leiden,3.344893623431454,30,57991,0.5691566044379979
leiden,3.344893623431454,30,54596,0.5730140116818009
leiden,3.344893623431454,29,50180,0.5740463138332068
leiden,3.344893623431454,32,50469,0.585381996442333
leiden,3.344893623431454,31,2110,0.5665771263690808
leiden,3.344893623431454,30,9373,0.5742793246095492
leiden,3.344893623431454,30,3289,0.5879734177430073
leiden,3.344893623431454,32,54621,0.5814214771693877
leiden,3.344893623431454,30,21588,0.5872752636331919
leiden,3.344893623431454,30,23019,0.5775237892656945
leiden,3.344893623431454,30,57408,0.5751658957832468
leiden,3.344893623431454,31,18144,0.5771232018047726
leiden,3.871669169850972,33,43667,0.5595800483390465
leiden,3.871669169850972,32,55824,0.5733726326210115
leiden,3.871669169850972,33,14480,0.5634059356153027
leiden,3.871669169850972,32,57991,0.5636308406790079
leiden,3.871669169850972,32,54596,0.5483306468122555
leiden,3.871669169850972,34,50180,0.5496811943818359
leiden,3.871669169850972,35,50469,0.5541613163908923
leiden,3.871669169850972,33,2110,0.5500632377155835
leiden,3.871669169850972,33,9373,0.5657596871136849
leiden,3.871669169850972,33,3289,0.5461427735999901
leiden,3.871669169850972,33,54621,0.5436222988240329
leiden,3.871669169850972,35,21588,0.5373188318123898
leiden,3.871669169850972,35,23019,0.546716653580662
leiden,3.871669169850972,31,57408,0.5664861583111698
leiden,3.871669169850972,35,18144,0.5428761890344956
leiden,4.481404746557166,38,43667,0.5171148191124685
leiden,4.481404746557166,42,55824,0.5098341668721579
leiden,4.481404746557166,39,14480,0.5270566000339756
leiden,4.481404746557166,39,57991,0.514732836445548
leiden,4.481404746557166,37,54596,0.5109035787720505
leiden,4.481404746557166,37,50180,0.5162629138897065
leiden,4.481404746557166,38,50469,0.5121508640442725
leiden,4.481404746557166,37,2110,0.5156355928948473
leiden,4.481404746557166,40,9373,0.5143292100741238
leiden,4.481404746557166,38,3289,0.5231789584369396
leiden,4.481404746557166,39,54621,0.5146865654297427
leiden,4.481404746557166,37,21588,0.5167536727161844
leiden,4.481404746557166,39,23019,0.5119679963819334
leiden,4.481404746557166,40,57408,0.5199773755758587
leiden,4.481404746557166,40,18144,0.5110454738372673
leiden,5.187165437288158,46,43667,0.4893791712108537
leiden,5.187165437288158,48,55824,0.4951775209365783
leiden,5.187165437288158,48,14480,0.49158567025184047
leiden,5.187165437288158,48,57991,0.4871339465493601
leiden,5.187165437288158,44,54596,0.49432450167845393
leiden,5.187165437288158,46,50180,0.48957659248674884
leiden,5.187165437288158,45,50469,0.4971376584307302
leiden,5.187165437288158,44,2110,0.49316491290699094
leiden,5.187165437288158,46,9373,0.4973331606578401
leiden,5.187165437288158,45,3289,0.4886225673654225
leiden,5.187165437288158,44,54621,0.49656425770363577
leiden,5.187165437288158,47,21588,0.4902853970454141
leiden,5.187165437288158,48,23019,0.4889712799281966
leiden,5.187165437288158,46,57408,0.49180803611170687
leiden,5.187165437288158,46,18144,0.48717815505435524
leiden,6.004073899923431,53,43667,0.4699970816108957
leiden,6.004073899923431,57,55824,0.46740290106039967
leiden,6.004073899923431,57,14480,0.46851655510206125
leiden,6.004073899923431,55,57991,0.46463736328166694
leiden,6.004073899923431,54,54596,0.46033041756984483
leiden,6.004073899923431,51,50180,0.4749535972303454
leiden,6.004073899923431,57,50469,0.46483651309295027
leiden,6.004073899923431,54,2110,0.47320025792043363
leiden,6.004073899923431,53,9373,0.4729475924146069
leiden,6.004073899923431,54,3289,0.47386323196030883
leiden,6.004073899923431,54,54621,0.4620544186328268
leiden,6.004073899923431,55,21588,0.47091964748777465
leiden,6.004073899923431,56,23019,0.46274478197021984
leiden,6.004073899923431,55,57408,0.4685079894852281
leiden,6.004073899923431,56,18144,0.4633466082307616
leiden,6.949634406607253,62,43667,0.4531450935848299
leiden,6.949634406607253,64,55824,0.4506394349116817
leiden,6.949634406607253,63,14480,0.45758650562142866
leiden,6.949634406607253,61,57991,0.4526918044880668
leiden,6.949634406607253,64,54596,0.44854897601970456
leiden,6.949634406607253,63,50180,0.4522375517738633
leiden,6.949634406607253,66,50469,0.4517342239150763
leiden,6.949634406607253,63,2110,0.4547374887021125
leiden,6.949634406607253,63,9373,0.4483683189163566
leiden,6.949634406607253,60,3289,0.459140665072206
leiden,6.949634406607253,63,54621,0.4520451770178908
leiden,6.949634406607253,61,21588,0.45618495483783006
leiden,6.949634406607253,63,23019,0.45400228187304736
leiden,6.949634406607253,61,57408,0.4511403790776911
leiden,6.949634406607253,63,18144,0.45496322240893916
leiden,8.044107915812841,68,43667,0.4401857740226079
leiden,8.044107915812841,70,55824,0.43594343807917313
leiden,8.044107915812841,69,14480,0.43937119925274193
leiden,8.044107915812841,65,57991,0.4447136464847588
leiden,8.044107915812841,70,54596,0.4357838620451882
leiden,8.044107915812841,69,50180,0.434194971949783
leiden,8.044107915812841,70,50469,0.42755222661600306
leiden,8.044107915812841,69,2110,0.44088023363085743
leiden,8.044107915812841,71,9373,0.42455510704643223
leiden,8.044107915812841,69,3289,0.43400399136228635
leiden,8.044107915812841,68,54621,0.4422454629845694
leiden,8.044107915812841,71,21588,0.433826853922432
leiden,8.044107915812841,68,23019,0.44202106503707406
leiden,8.044107915812841,70,57408,0.43654594622511245
leiden,8.044107915812841,69,18144,0.4403480924930956
leiden,9.31094621318829,75,43667,0.41089603354710175
leiden,9.31094621318829,79,55824,0.4022489101320934
leiden,9.31094621318829,79,14480,0.40848074842685766
leiden,9.31094621318829,74,57991,0.43062261192784806
leiden,9.31094621318829,78,54596,0.4092905826391785
leiden,9.31094621318829,75,50180,0.4102348656387465
leiden,9.31094621318829,76,50469,0.41530840700234656
leiden,9.31094621318829,75,2110,0.41279367319221705
leiden,9.31094621318829,79,9373,0.39637966876526765
leiden,9.31094621318829,75,3289,0.4201507981030868
leiden,9.31094621318829,76,54621,0.40969853978353166
leiden,9.31094621318829,80,21588,0.405697827933449
leiden,9.31094621318829,81,23019,0.4102411254209893
leiden,9.31094621318829,75,57408,0.421922203690381
leiden,9.31094621318829,76,18144,0.4043992370369495
leiden,10.777294423719212,85,43667,0.3783606310164644
leiden,10.777294423719212,86,55824,0.3809669729929673
leiden,10.777294423719212,86,14480,0.3963959543166612
leiden,10.777294423719212,82,57991,0.39611225200836586
leiden,10.777294423719212,85,54596,0.3881748106029811
leiden,10.777294423719212,82,50180,0.3933573388687642
leiden,10.777294423719212,85,50469,0.3810808907672943
leiden,10.777294423719212,82,2110,0.39277600994591444
leiden,10.777294423719212,85,9373,0.381295981345448
leiden,10.777294423719212,84,3289,0.3951629812532135
leiden,10.777294423719212,87,54621,0.380308752754992
leiden,10.777294423719212,85,21588,0.3849427170774925
leiden,10.777294423719212,87,23019,0.3765828646081908
leiden,10.777294423719212,85,57408,0.3862762384918241
leiden,10.777294423719212,87,18144,0.3759154043349449
leiden,12.47457266276664,96,43667,0.35767542467385804
leiden,12.47457266276664,97,55824,0.3569473154707727
leiden,12.47457266276664,94,14480,0.3568997820948745
leiden,12.47457266276664,100,57991,0.3530100635591832
leiden,12.47457266276664,96,54596,0.3516871273546474
leiden,12.47457266276664,92,50180,0.36536641914143153
leiden,12.47457266276664,93,50469,0.35705185516131654
leiden,12.47457266276664,93,2110,0.36586960291901083
leiden,12.47457266276664,95,9373,0.3589210690937327
leiden,12.47457266276664,94,3289,0.36346106495130354
leiden,12.47457266276664,95,54621,0.3657168592844517
leiden,12.47457266276664,93,21588,0.3576558383270393
leiden,12.47457266276664,92,23019,0.36308011469030127
leiden,12.47457266276664,95,57408,0.3604765061853198
leiden,12.47457266276664,95,18144,0.35823804705283296
leiden,14.439149289283547,109,43667,0.32694032616199253
leiden,14.439149289283547,107,55824,0.3321254860689982
leiden,14.439149289283547,106,14480,0.3382017642544231
leiden,14.439149289283547,114,57991,0.3239756057036135
leiden,14.439149289283547,107,54596,0.32850006584378233
leiden,14.439149289283547,106,50180,0.32961381153903785
leiden,14.439149289283547,109,50469,0.3210401234380996
leiden,14.439149289283547,109,2110,0.32280126779249646
leiden,14.439149289283547,109,9373,0.31760417466851026
leiden,14.439149289283547,103,3289,0.34127684909925843
leiden,14.439149289283547,110,54621,0.3291637316578158
leiden,14.439149289283547,110,21588,0.3343970196399854
leiden,14.439149289283547,111,23019,0.3258429112372981
leiden,14.439149289283547,110,57408,0.33326534731064916
leiden,14.439149289283547,107,18144,0.33702226541012315
leiden,16.71312018731537,117,43667,0.30768168655147904
leiden,16.71312018731537,124,55824,0.30072853155988083
leiden,16.71312018731537,120,14480,0.30404692654037563
leiden,16.71312018731537,122,57991,0.3064062378091998
leiden,16.71312018731537,119,54596,0.30673793194478066
leiden,16.71312018731537,124,50180,0.2991866329822498
leiden,16.71312018731537,122,50469,0.30333656535332154
leiden,16.71312018731537,123,2110,0.3029785770068449
leiden,16.71312018731537,121,9373,0.30197963114720217
leiden,16.71312018731537,120,3289,0.31051029504639416
leiden,16.71312018731537,120,54621,0.3076515193811709
leiden,16.71312018731537,123,21588,0.3042107090337987
leiden,16.71312018731537,124,23019,0.30031277323695454
leiden,16.71312018731537,120,57408,0.3056353648468784
leiden,16.71312018731537,122,18144,0.30345310108310214
leiden,19.345210773806517,133,43667,0.2850246579417818
leiden,19.345210773806517,135,55824,0.28579252561551416
leiden,19.345210773806517,137,14480,0.2763893515688847
leiden,19.345210773806517,137,57991,0.2781524891746522
leiden,19.345210773806517,131,54596,0.2778663558805483
leiden,19.345210773806517,137,50180,0.2739672327946664
leiden,19.345210773806517,134,50469,0.2789411096643016
leiden,19.345210773806517,133,2110,0.28236769805544204
leiden,19.345210773806517,134,9373,0.2820432671201735
leiden,19.345210773806517,135,3289,0.27941973445541185
leiden,19.345210773806517,134,54621,0.28279086092526856
leiden,19.345210773806517,135,21588,0.27420775561246363
leiden,19.345210773806517,132,23019,0.28040149594762254
leiden,19.345210773806517,132,57408,0.2865908822492975
leiden,19.345210773806517,140,18144,0.276492028793788
leiden,22.39182006044756,148,43667,0.25254610849988496
leiden,22.39182006044756,146,55824,0.25689065905372954
leiden,22.39182006044756,151,14480,0.2533269330379115
leiden,22.39182006044756,149,57991,0.25389581663516836
leiden,22.39182006044756,149,54596,0.2541432295259371
leiden,22.39182006044756,149,50180,0.255312038978527
leiden,22.39182006044756,155,50469,0.2509155323535806
leiden,22.39182006044756,150,2110,0.25698357638594976
leiden,22.39182006044756,151,9373,0.24679123708312817
leiden,22.39182006044756,146,3289,0.2576392840638307
leiden,22.39182006044756,152,54621,0.2503245061527893
leiden,22.39182006044756,152,21588,0.2487032769770287
leiden,22.39182006044756,149,23019,0.251902965085501
leiden,22.39182006044756,149,57408,0.25693583128050174
leiden,22.39182006044756,151,18144,0.24780873806237644
leiden,25.91822914115521,163,43667,0.2334068819380262
leiden,25.91822914115521,158,55824,0.2441246511176147
leiden,25.91822914115521,162,14480,0.23797688358420208
leiden,25.91822914115521,166,57991,0.233926310743747
leiden,25.91822914115521,163,54596,0.23284298541248083
leiden,25.91822914115521,163,50180,0.23587609981617935
leiden,25.91822914115521,164,50469,0.23409982754016592
leiden,25.91822914115521,164,2110,0.23407100722634114
leiden,25.91822914115521,161,9373,0.23311658199705285
leiden,25.91822914115521,165,3289,0.23311513733372305
leiden,25.91822914115521,164,54621,0.23257310104684278
leiden,25.91822914115521,166,21588,0.23330766404094683
leiden,25.91822914115521,170,23019,0.23218052218260943
leiden,25.91822914115521,161,57408,0.23864986473324756
leiden,25.91822914115521,167,18144,0.2280480835586326
leiden,30.0,175,43667,0.22024559596740523
leiden,30.0,177,55824,0.21376814501172184
leiden,30.0,177,14480,0.21841474709277475
leiden,30.0,177,57991,0.21801908016266477
leiden,30.0,174,54596,0.21886748462213504
leiden,30.0,178,50180,0.2182273788467512
leiden,30.0,176,50469,0.2124829139829614
leiden,30.0,177,2110,0.21916911900988176
leiden,30.0,175,9373,0.21797655023014173
leiden,30.0,177,3289,0.21881915432395763
leiden,30.0,175,54621,0.21674351895420263
leiden,30.0,178,21588,0.21747474804002123
leiden,30.0,179,23019,0.21847925065758067
leiden,30.0,177,57408,0.22149600751560522
leiden,30.0,175,18144,0.21685775096813917
louvain,0.1,2,43667,0.0
louvain,0.1,3,55824,0.0
louvain,0.1,2,14480,1.1102230246251565e-16
louvain,0.1,2,57991,1.1102230246251565e-16
louvain,0.1,2,54596,0.0
louvain,0.1,2,50180,1.1102230246251565e-16
louvain,0.1,3,50469,0.0
louvain,0.1,2,2110,0.0
louvain,0.1,2,9373,0.0
louvain,0.1,3,3289,0.0014406505828691045
louvain,0.1,3,54621,1.1102230246251565e-16
louvain,0.1,3,21588,0.0
louvain,0.1,3,23019,1.1102230246251565e-16
louvain,0.1,2,57408,0.0
louvain,0.1,3,18144,0.0
louvain,0.11574864870826927,2,43667,0.0
louvain,0.11574864870826927,3,55824,0.0
louvain,0.11574864870826927,2,14480,1.1102230246251565e-16
louvain,0.11574864870826927,2,57991,1.1102230246251565e-16
louvain,0.11574864870826927,2,54596,0.0
louvain,0.11574864870826927,2,50180,1.1102230246251565e-16
louvain,0.11574864870826927,3,50469,0.0
louvain,0.11574864870826927,2,2110,0.0
louvain,0.11574864870826927,2,9373,0.0
louvain,0.11574864870826927,3,3289,0.0014406505828691045
louvain,0.11574864870826927,3,54621,1.1102230246251565e-16
louvain,0.11574864870826927,3,21588,0.0
louvain,0.11574864870826927,4,23019,0.0014364391430472206
louvain,0.11574864870826927,2,57408,0.0
louvain,0.11574864870826927,3,18144,0.0
louvain,0.13397749677790324,2,43667,0.0
louvain,0.13397749677790324,3,55824,0.0
louvain,0.13397749677790324,2,14480,1.1102230246251565e-16
louvain,0.13397749677790324,2,57991,1.1102230246251565e-16
louvain,0.13397749677790324,3,54596,0.34075048042553563
louvain,0.13397749677790324,2,50180,1.1102230246251565e-16
louvain,0.13397749677790324,3,50469,0.0
louvain,0.13397749677790324,2,2110,0.0
louvain,0.13397749677790324,2,9373,0.0
louvain,0.13397749677790324,3,3289,0.0014406505828691045
louvain,0.13397749677790324,3,54621,1.1102230246251565e-16
louvain,0.13397749677790324,3,21588,0.0
louvain,0.13397749677790324,3,23019,1.1102230246251565e-16
louvain,0.13397749677790324,2,57408,0.0
louvain,0.13397749677790324,3,18144,0.0
louvain,0.155077142093588,3,43667,0.3110044196060071
louvain,0.155077142093588,4,55824,0.37878686130355904
louvain,0.155077142093588,4,14480,0.34971445321847594
louvain,0.155077142093588,3,57991,0.3489918337839182
louvain,0.155077142093588,3,54596,0.3407441382449582
louvain,0.155077142093588,3,50180,0.3252084079876507
louvain,0.155077142093588,4,50469,0.36910274042583513
louvain,0.155077142093588,3,2110,0.3465186840199233
louvain,0.155077142093588,3,9373,0.3756075150322851
louvain,0.155077142093588,4,3289,0.37386897394854784
louvain,0.155077142093588,4,54621,0.3384554500267054
louvain,0.155077142093588,4,21588,0.3754872759986745
louvain,0.155077142093588,4,23019,0.3875110004995884
louvain,0.155077142093588,3,57408,0.32189645838399095
louvain,0.155077142093588,4,18144,0.37773990046347905
louvain,0.1794996964287307,4,43667,0.4013832863761216
louvain,0.1794996964287307,4,55824,0.37878686130355904
louvain,0.1794996964287307,4,14480,0.34971445321847594
louvain,0.1794996964287307,3,57991,0.37472367345589525
louvain,0.1794996964287307,4,54596,0.3706807201928883
louvain,0.1794996964287307,3,50180,0.3499280300939974
louvain,0.1794996964287307,5,50469,0.3517036602577469
louvain,0.1794996964287307,3,2110,0.3465186840199233
louvain,0.1794996964287307,3,9373,0.3756075150322851
louvain,0.1794996964287307,4,3289,0.3793038974375645
louvain,0.1794996964287307,4,54621,0.3194551504902212
louvain,0.1794996964287307,4,21588,0.3754872759986745
louvain,0.1794996964287307,4,23019,0.3879372951690533
louvain,0.1794996964287307,3,57408,0.35311815909916694
louvain,0.1794996964287307,4,18144,0.37655107251973663
louvain,0.2077684730517013,4,43667,0.47767669500069176
louvain,0.2077684730517013,5,55824,0.41538856229337945
louvain,0.2077684730517013,4,14480,0.34971445321847594
louvain,0.2077684730517013,4,57991,0.4139799755746779
louvain,0.2077684730517013,4,54596,0.4105762891408943
louvain,0.2077684730517013,4,50180,0.4536485075453239
louvain,0.2077684730517013,6,50469,0.42513331885443983
louvain,0.2077684730517013,4,2110,0.40850548615658333
louvain,0.2077684730517013,4,9373,0.47563784848123436
louvain,0.2077684730517013,5,3289,0.47656784300795285
louvain,0.2077684730517013,6,54621,0.38787471282341485
louvain,0.2077684730517013,5,21588,0.47103866498023284
louvain,0.2077684730517013,5,23019,0.475812909070159
louvain,0.2077684730517013,4,57408,0.41476555230685264
louvain,0.2077684730517013,5,18144,0.35595590342549555
louvain,0.24048919999914883,4,43667,0.47828114593536264
louvain,0.24048919999914883,6,55824,0.5097804355960855
louvain,0.24048919999914883,4,14480,0.4734425736862159
louvain,0.24048919999914883,4,57991,0.49375825111334193
louvain,0.24048919999914883,4,54596,0.47021177165591255
louvain,0.24048919999914883,5,50180,0.5038072054964976
louvain,0.24048919999914883,7,50469,0.5132819384162292
louvain,0.24048919999914883,6,2110,0.5746406184376103
louvain,0.24048919999914883,5,9373,0.5042810525935877
louvain,0.24048919999914883,7,3289,0.5714099828783233
louvain,0.24048919999914883,7,54621,0.5188318136481449
louvain,0.24048919999914883,6,21588,0.5429368567990861
louvain,0.24048919999914883,6,23019,0.5451266148575453
louvain,0.24048919999914883,5,57408,0.49826672590736687
louvain,0.24048919999914883,6,18144,0.5026659263826041
louvain,0.27836299928834185,6,43667,0.5728452875792048
louvain,0.27836299928834185,7,55824,0.5740121203653286
louvain,0.27836299928834185,5,14480,0.5675642082361736
louvain,0.27836299928834185,6,57991,0.5750936801261595
louvain,0.27836299928834185,6,54596,0.5715793084140275
louvain,0.27836299928834185,6,50180,0.5687377758240996
louvain,0.27836299928834185,7,50469,0.5704314447965203
louvain,0.27836299928834185,6,2110,0.5746406184376103
louvain,0.27836299928834185,6,9373,0.5695609217956462
louvain,0.27836299928834185,7,3289,0.5780972699122388
louvain,0.27836299928834185,7,54621,0.5188318136481449
louvain,0.27836299928834185,7,21588,0.572397442639177
louvain,0.27836299928834185,7,23019,0.5753600235160969
louvain,0.27836299928834185,6,57408,0.5765903685813089
louvain,0.27836299928834185,7,18144,0.5715526258830126
louvain,0.3222014101800649,6,43667,0.5725141474059386
louvain,0.3222014101800649,7,55824,0.574263602859111
louvain,0.3222014101800649,5,14480,0.5685989192717391
louvain,0.3222014101800649,6,57991,0.5771729592128243
louvain,0.3222014101800649,6,54596,0.5738105115657466
louvain,0.3222014101800649,6,50180,0.5689547265149733
louvain,0.3222014101800649,8,50469,0.5863513548175846
louvain,0.3222014101800649,6,2110,0.5787428813818589
louvain,0.3222014101800649,6,9373,0.570692234572456
louvain,0.3222014101800649,7,3289,0.5763630317820777
louvain,0.3222014101800649,8,54621,0.5927573839547542
louvain,0.3222014101800649,7,21588,0.5737678158741083
louvain,0.3222014101800649,7,23019,0.5737039947258108
louvain,0.3222014101800649,6,57408,0.577001037126061
louvain,0.3222014101800649,6,18144,0.5681283538221283
louvain,0.37294377840241305,7,43667,0.5863849842945237
louvain,0.37294377840241305,8,55824,0.5887249284859247
louvain,0.37294377840241305,7,14480,0.5948754582978061
louvain,0.37294377840241305,7,57991,0.5895381823005524
louvain,0.37294377840241305,7,54596,0.5854389518211287
louvain,0.37294377840241305,7,50180,0.5838098061884542
louvain,0.37294377840241305,8,50469,0.5866954256187783
louvain,0.37294377840241305,7,2110,0.5944880299534161
louvain,0.37294377840241305,6,9373,0.5711622735514016
louvain,0.37294377840241305,8,3289,0.6015838085944611
louvain,0.37294377840241305,8,54621,0.5906302466700769
louvain,0.37294377840241305,8,21588,0.5972880428378053
louvain,0.37294377840241305,8,23019,0.5878940299983206
louvain,0.37294377840241305,8,57408,0.6313832262108312
louvain,0.37294377840241305,8,18144,0.582416336152361
louvain,0.4316773839423552,8,43667,0.6458495590443727
louvain,0.4316773839423552,9,55824,0.5929749282495457
louvain,0.4316773839423552,8,14480,0.638872875292279
louvain,0.4316773839423552,9,57991,0.6395394001975163
louvain,0.4316773839423552,8,54596,0.6418770662492193
louvain,0.4316773839423552,7,50180,0.5842485533669716
louvain,0.4316773839423552,9,50469,0.63342723129192
louvain,0.4316773839423552,8,2110,0.5973010641592056
louvain,0.4316773839423552,9,9373,0.6000125617892502
louvain,0.4316773839423552,9,3289,0.6064156078296981
louvain,0.4316773839423552,9,54621,0.600791190909093
louvain,0.4316773839423552,9,21588,0.6415410352100094
louvain,0.4316773839423552,8,23019,0.5974818609980077
louvain,0.4316773839423552,8,57408,0.6520885367922369
louvain,0.4316773839423552,9,18144,0.592982585620613
louvain,0.4996607386924835,9,43667,0.6478067417002088
louvain,0.4996607386924835,11,55824,0.6512545207292133
louvain,0.4996607386924835,8,14480,0.6406581810618497
louvain,0.4996607386924835,8,57991,0.6501707545146833
louvain,0.4996607386924835,9,54596,0.6459507605160756
louvain,0.4996607386924835,9,50180,0.6409106721650925
louvain,0.4996607386924835,9,50469,0.645310857590431
louvain,0.4996607386924835,9,2110,0.6502159119919225
louvain,0.4996607386924835,9,9373,0.6521658097788101
louvain,0.4996607386924835,9,3289,0.649491655295941
louvain,0.4996607386924835,10,54621,0.6443760398093982
louvain,0.4996607386924835,11,21588,0.6487859581914817
louvain,0.4996607386924835,10,23019,0.643998130022699
louvain,0.4996607386924835,10,57408,0.6549881157021857
louvain,0.4996607386924835,10,18144,0.6469043481901298
louvain,0.5783505531623061,10,43667,0.6541148670024552
louvain,0.5783505531623061,11,55824,0.6599955549876927
louvain,0.5783505531623061,9,14480,0.6524205175675791
louvain,0.5783505531623061,10,57991,0.6525628091994906
louvain,0.5783505531623061,10,54596,0.6561145599625342
louvain,0.5783505531623061,10,50180,0.6469806723693892
louvain,0.5783505531623061,12,50469,0.655714328363202
louvain,0.5783505531623061,11,2110,0.6534756833749276
louvain,0.5783505531623061,9,9373,0.6541777964425233
louvain,0.5783505531623061,10,3289,0.6531430467086597
louvain,0.5783505531623061,10,54621,0.6518256063673367
louvain,0.5783505531623061,10,21588,0.6542647694977273
louvain,0.5783505531623061,11,23019,0.6495921329011664
louvain,0.5783505531623061,11,57408,0.6556752039268013
louvain,0.5783505531623061,10,18144,0.6514130076096186
louvain,0.6694329500821696,10,43667,0.6617399977873133
louvain,0.6694329500821696,11,55824,0.6599955549876927
louvain,0.6694329500821696,9,14480,0.655790156592684
louvain,0.6694329500821696,10,57991,0.6532928421749792
louvain,0.6694329500821696,10,54596,0.6579658895493563
louvain,0.6694329500821696,10,50180,0.6558550639967689
louvain,0.6694329500821696,12,50469,0.6556146803571165
louvain,0.6694329500821696,10,2110,0.657586839402337
louvain,0.6694329500821696,9,9373,0.6542151636251579
louvain,0.6694329500821696,10,3289,0.6545135710469707
louvain,0.6694329500821696,10,54621,0.6552040381295123
louvain,0.6694329500821696,10,21588,0.6543043300172589
louvain,0.6694329500821696,11,23019,0.662940797577219
louvain,0.6694329500821696,10,57408,0.6622264122852954
louvain,0.6694329500821696,10,18144,0.6522273233604219
louvain,0.7748595937280142,11,43667,0.6620338881974811
louvain,0.7748595937280142,12,55824,0.6589956810170732
louvain,0.7748595937280142,10,14480,0.6598806914586607
louvain,0.7748595937280142,10,57991,0.6581103491394181
louvain,0.7748595937280142,11,54596,0.6620081572786671
louvain,0.7748595937280142,10,50180,0.656756757441508
louvain,0.7748595937280142,12,50469,0.6573431558815489
louvain,0.7748595937280142,10,2110,0.6588585875587408
louvain,0.7748595937280142,10,9373,0.6574117354486395
louvain,0.7748595937280142,11,3289,0.655438817650915
louvain,0.7748595937280142,10,54621,0.6553874560002698
louvain,0.7748595937280142,10,21588,0.6560391500456082
louvain,0.7748595937280142,10,23019,0.6614925679946261
louvain,0.7748595937280142,10,57408,0.6628152385829366
louvain,0.7748595937280142,10,18144,0.6553706061154324
louvain,0.8968895091265613,12,43667,0.663744743275203
louvain,0.8968895091265613,12,55824,0.65941682349483
louvain,0.8968895091265613,12,14480,0.6597980554247226
louvain,0.8968895091265613,11,57991,0.6590079724128817
louvain,0.8968895091265613,12,54596,0.6622784580982877
louvain,0.8968895091265613,11,50180,0.6563511799869755
louvain,0.8968895091265613,11,50469,0.6601676177920253
louvain,0.8968895091265613,11,2110,0.6607363115105833
louvain,0.8968895091265613,10,9373,0.6574253963385914
louvain,0.8968895091265613,14,3289,0.6630416345271235
louvain,0.8968895091265613,12,54621,0.6596649651506045
louvain,0.8968895091265613,11,21588,0.6604463073428954
louvain,0.8968895091265613,11,23019,0.6632492706800017
louvain,0.8968895091265613,11,57408,0.6630686959145783
louvain,0.8968895091265613,12,18144,0.6609925102921246
louvain,1.0381374872202243,12,43667,0.6638181724715283
louvain,1.0381374872202243,14,55824,0.659252115819738
louvain,1.0381374872202243,15,14480,0.6597048856734063
louvain,1.0381374872202243,11,57991,0.6595265478192601
louvain,1.0381374872202243,13,54596,0.6628680203408281
louvain,1.0381374872202243,12,50180,0.6582401790745235
louvain,1.0381374872202243,13,50469,0.6620216126033335
louvain,1.0381374872202243,12,2110,0.6623769441411216
louvain,1.0381374872202243,13,9373,0.6581770151600511
louvain,1.0381374872202243,13,3289,0.6648041380047106
louvain,1.0381374872202243,13,54621,0.660457092836255
louvain,1.0381374872202243,13,21588,0.6600500249360801
louvain,1.0381374872202243,13,23019,0.664439681212581
louvain,1.0381374872202243,13,57408,0.6595426035715818
louvain,1.0381374872202243,14,18144,0.6600820635086654
louvain,1.201630113191391,14,43667,0.6636660679001487
louvain,1.201630113191391,14,55824,0.657632016873689
louvain,1.201630113191391,15,14480,0.6563147724589706
louvain,1.201630113191391,15,57991,0.6558748808074241
louvain,1.201630113191391,13,54596,0.6604409676000621
louvain,1.201630113191391,13,50180,0.6553322413799163
louvain,1.201630113191391,16,50469,0.6553021638878122
louvain,1.201630113191391,15,2110,0.662640141061991
louvain,1.201630113191391,14,9373,0.6588322769019929
louvain,1.201630113191391,16,3289,0.661544748570791
louvain,1.201630113191391,15,54621,0.6599707355635196
louvain,1.201630113191391,14,21588,0.6600842214661914
louvain,1.201630113191391,15,23019,0.6602679287680772
louvain,1.201630113191391,14,57408,0.6578470773086721
louvain,1.201630113191391,15,18144,0.6586787363918805
louvain,1.3908706184906818,14,43667,0.6581391383660344
louvain,1.3908706184906818,15,55824,0.6583778354872931
louvain,1.3908706184906818,17,14480,0.6557189063332005
louvain,1.3908706184906818,16,57991,0.650770693609483
louvain,1.3908706184906818,16,54596,0.6543698016280141
louvain,1.3908706184906818,15,50180,0.6539120590041843
louvain,1.3908706184906818,17,50469,0.6545316627114492
louvain,1.3908706184906818,18,2110,0.6603531052317222
louvain,1.3908706184906818,15,9373,0.6579486788824598
louvain,1.3908706184906818,18,3289,0.6536469929411917
louvain,1.3908706184906818,18,54621,0.6546640441152904
louvain,1.3908706184906818,16,21588,0.6580999740601974
louvain,1.3908706184906818,16,23019,0.6616544715781245
louvain,1.3908706184906818,17,57408,0.6561571303452188
louvain,1.3908706184906818,18,18144,0.6563358602258478
louvain,1.609913946183311,17,43667,0.6532457016300364
louvain,1.609913946183311,16,55824,0.6562420177404065
louvain,1.609913946183311,18,14480,0.653589288869521
louvain,1.609913946183311,18,57991,0.6490436522196141
louvain,1.609913946183311,17,54596,0.6525590317619434
louvain,1.609913946183311,18,50180,0.6463483180372314
louvain,1.609913946183311,18,50469,0.6491201035472831
louvain,1.609913946183311,18,2110,0.6547896551007059
louvain,1.609913946183311,16,9373,0.655574734226132
louvain,1.609913946183311,20,3289,0.6478191654759954
louvain,1.609913946183311,19,54621,0.6503554304999156
louvain,1.609913946183311,20,21588,0.6548886048044197
louvain,1.609913946183311,18,23019,0.6549206438506706
louvain,1.609913946183311,18,57408,0.6534843577472279
louvain,1.609913946183311,19,18144,0.6543504798001374
louvain,1.8634536380731554,17,43667,0.6508453232687433
louvain,1.8634536380731554,20,55824,0.6498565546997891
louvain,1.8634536380731554,20,14480,0.6460137978493468
louvain,1.8634536380731554,18,57991,0.6500663193889179
louvain,1.8634536380731554,20,54596,0.6483006620302314
louvain,1.8634536380731554,20,50180,0.6457648592971315
louvain,1.8634536380731554,19,50469,0.6443434002602404
louvain,1.8634536380731554,21,2110,0.6472292356831941
louvain,1.8634536380731554,20,9373,0.6475043582221446
louvain,1.8634536380731554,21,3289,0.6462518218912832
louvain,1.8634536380731554,20,54621,0.6501839879602835
louvain,1.8634536380731554,22,21588,0.6441220011428358
louvain,1.8634536380731554,19,23019,0.6481718796132415
louvain,1.8634536380731554,18,57408,0.651821057360645
louvain,1.8634536380731554,21,18144,0.6491338210665163
louvain,2.1569224053747607,21,43667,0.6440943807731708
louvain,2.1569224053747607,25,55824,0.6137271894769979
louvain,2.1569224053747607,23,14480,0.6396857830463081
louvain,2.1569224053747607,22,57991,0.643004277903503
louvain,2.1569224053747607,23,54596,0.6131562052782334
louvain,2.1569224053747607,24,50180,0.6376702340195841
louvain,2.1569224053747607,21,50469,0.6367857646103674
louvain,2.1569224053747607,23,2110,0.6155425549303486
louvain,2.1569224053747607,23,9373,0.6078059390928064
louvain,2.1569224053747607,23,3289,0.6385069735872078
louvain,2.1569224053747607,25,54621,0.6158578625454861
louvain,2.1569224053747607,23,21588,0.6354377322282215
louvain,2.1569224053747607,25,23019,0.6317953614732577
louvain,2.1569224053747607,21,57408,0.6482290151819452
louvain,2.1569224053747607,24,18144,0.618964638846661
louvain,2.496608537907183,23,43667,0.6346966033907905
louvain,2.496608537907183,26,55824,0.6089550194062741
louvain,2.496608537907183,25,14480,0.5994618984411634
louvain,2.496608537907183,27,57991,0.608365815488068
louvain,2.496608537907183,26,54596,0.6040103532799526
louvain,2.496608537907183,26,50180,0.6026127366611014
louvain,2.496608537907183,24,50469,0.6329350955538905
louvain,2.496608537907183,26,2110,0.605597153978206
louvain,2.496608537907183,26,9373,0.6048987415936009
louvain,2.496608537907183,25,3289,0.6149985341500899
louvain,2.496608537907183,28,54621,0.606658032854804
louvain,2.496608537907183,28,21588,0.6032638980122228
louvain,2.496608537907183,23,23019,0.6374858477649392
louvain,2.496608537907183,23,57408,0.635332997100752
louvain,2.496608537907183,25,18144,0.6156126082898284
louvain,2.8897906461628424,28,43667,0.5933622259026369
louvain,2.8897906461628424,30,55824,0.5841545806525037
louvain,2.8897906461628424,28,14480,0.5820514729936488
louvain,2.8897906461628424,29,57991,0.5962424997965102
louvain,2.8897906461628424,27,54596,0.5823719679681905
louvain,2.8897906461628424,27,50180,0.5786284452793312
louvain,2.8897906461628424,29,50469,0.591247883361858
louvain,2.8897906461628424,29,2110,0.5976294992426356
louvain,2.8897906461628424,26,9373,0.5996937869650121
louvain,2.8897906461628424,28,3289,0.5887810146437247
louvain,2.8897906461628424,28,54621,0.5940248330717227
louvain,2.8897906461628424,29,21588,0.5865955559600703
louvain,2.8897906461628424,28,23019,0.5852782003656375
louvain,2.8897906461628424,28,57408,0.5971049275756134
louvain,2.8897906461628424,31,18144,0.5813461043139493
louvain,3.344893623431454,29,43667,0.5774062193545215
louvain,3.344893623431454,30,55824,0.5807062865246772
louvain,3.344893623431454,30,14480,0.5689960815977342
louvain,3.344893623431454,30,57991,0.5770377710879016
louvain,3.344893623431454,29,54596,0.5784240460264475
louvain,3.344893623431454,29,50180,0.5700450111643004
louvain,3.344893623431454,30,50469,0.5841959374796333
louvain,3.344893623431454,30,2110,0.5760811193531113
louvain,3.344893623431454,30,9373,0.5755201072680879
louvain,3.344893623431454,31,3289,0.5586612266454469
louvain,3.344893623431454,28,54621,0.5855645191356521
louvain,3.344893623431454,31,21588,0.5746907527749936
louvain,3.344893623431454,30,23019,0.5704113332390545
louvain,3.344893623431454,30,57408,0.572394222326515
louvain,3.344893623431454,31,18144,0.5786547100794622
louvain,3.871669169850972,31,43667,0.5740530499326745
louvain,3.871669169850972,33,55824,0.5493867487608772
louvain,3.871669169850972,33,14480,0.5545160265058408
louvain,3.871669169850972,34,57991,0.551696574146739
louvain,3.871669169850972,31,54596,0.5555795103315977
louvain,3.871669169850972,33,50180,0.5526932611960976
louvain,3.871669169850972,33,50469,0.5329225644483988
louvain,3.871669169850972,33,2110,0.5472516409301348
louvain,3.871669169850972,32,9373,0.5487365194697931
louvain,3.871669169850972,33,3289,0.5454346952488046
louvain,3.871669169850972,33,54621,0.5461216000580367
louvain,3.871669169850972,36,21588,0.5392523420729606
louvain,3.871669169850972,33,23019,0.5570472930879525
louvain,3.871669169850972,31,57408,0.5490421656894732
louvain,3.871669169850972,33,18144,0.5481059484270681
louvain,4.481404746557166,37,43667,0.521759778166828
louvain,4.481404746557166,39,55824,0.5127341965850364
louvain,4.481404746557166,40,14480,0.5223375362110384
louvain,4.481404746557166,38,57991,0.5170135740542934
louvain,4.481404746557166,38,54596,0.5061388485592022
louvain,4.481404746557166,36,50180,0.5165597437618381
louvain,4.481404746557166,40,50469,0.5059851810843042
louvain,4.481404746557166,34,2110,0.5181510427617037
louvain,4.481404746557166,38,9373,0.5123599502189063
louvain,4.481404746557166,37,3289,0.5274246792303415
louvain,4.481404746557166,38,54621,0.510578083668464
louvain,4.481404746557166,37,21588,0.5212795023917319
louvain,4.481404746557166,39,23019,0.5140750954377606
louvain,4.481404746557166,40,57408,0.5108257987097555
louvain,4.481404746557166,36,18144,0.5322738008591759
louvain,5.187165437288158,45,43667,0.4882426886576007
louvain,5.187165437288158,45,55824,0.49115979229304174
louvain,5.187165437288158,44,14480,0.4989584316985152
louvain,5.187165437288158,45,57991,0.49261095176411546
louvain,5.187165437288158,41,54596,0.49117883976601767
louvain,5.187165437288158,45,50180,0.4902498387748142
louvain,5.187165437288158,46,50469,0.49108985805284483
louvain,5.187165437288158,43,2110,0.5011352790695123
louvain,5.187165437288158,44,9373,0.4967313295934283
louvain,5.187165437288158,46,3289,0.4919035226778632
louvain,5.187165437288158,42,54621,0.5022172658300158
louvain,5.187165437288158,47,21588,0.48746832954604224
louvain,5.187165437288158,46,23019,0.48947679402564104
louvain,5.187165437288158,46,57408,0.4896882059796274
louvain,5.187165437288158,45,18144,0.4909118846302744
louvain,6.004073899923431,50,43667,0.47480211866931576
louvain,6.004073899923431,55,55824,0.46956194900450776
louvain,6.004073899923431,52,14480,0.4762224691710432
louvain,6.004073899923431,52,57991,0.4720344385250954
louvain,6.004073899923431,53,54596,0.45730405287999787
louvain,6.004073899923431,51,50180,0.47611859806676865
louvain,6.004073899923431,52,50469,0.4765457405134674
louvain,6.004073899923431,50,2110,0.4757888479435192
louvain,6.004073899923431,52,9373,0.4758802161990031
louvain,6.004073899923431,53,3289,0.47710540260405954
louvain,6.004073899923431,54,54621,0.4681144211964105
louvain,6.004073899923431,55,21588,0.4693708078855022
louvain,6.004073899923431,56,23019,0.4661673652797719
louvain,6.004073899923431,53,57408,0.4717650415573772
louvain,6.004073899923431,55,18144,0.467325519483708
louvain,6.949634406607253,59,43667,0.4501713481036411
louvain,6.949634406607253,62,55824,0.4434711186131627
louvain,6.949634406607253,62,14480,0.458588553019539
louvain,6.949634406607253,60,57991,0.4549439713353061
louvain,6.949634406607253,59,54596,0.46069019473289663
louvain,6.949634406607253,62,50180,0.45922359423019576
louvain,6.949634406607253,63,50469,0.44943611931580196
louvain,6.949634406607253,65,2110,0.4486596616313081
louvain,6.949634406607253,62,9373,0.44976574853716167
louvain,6.949634406607253,59,3289,0.45853924738772023
louvain,6.949634406607253,64,54621,0.45166722347936467
louvain,6.949634406607253,58,21588,0.46134106318157975
louvain,6.949634406607253,59,23019,0.45717318722753364
louvain,6.949634406607253,59,57408,0.45764936085442715
louvain,6.949634406607253,59,18144,0.4601213539565529
louvain,8.044107915812841,65,43667,0.4348913664859163
louvain,8.044107915812841,70,55824,0.4236867520253429
louvain,8.044107915812841,70,14480,0.44155386823111
louvain,8.044107915812841,66,57991,0.4494990286914595
louvain,8.044107915812841,68,54596,0.4368486870645127
louvain,8.044107915812841,68,50180,0.44108377894227324
louvain,8.044107915812841,70,50469,0.4330716047518807
louvain,8.044107915812841,69,2110,0.43490077378616
louvain,8.044107915812841,71,9373,0.4138238660007444
louvain,8.044107915812841,64,3289,0.4518629582432405
louvain,8.044107915812841,68,54621,0.4435424635293692
louvain,8.044107915812841,69,21588,0.4384520040739279
louvain,8.044107915812841,65,23019,0.44207708684628344
louvain,8.044107915812841,67,57408,0.43960450353672187
louvain,8.044107915812841,68,18144,0.43810178792388377
louvain,9.31094621318829,72,43667,0.4111010751301708
louvain,9.31094621318829,75,55824,0.408743251204888
louvain,9.31094621318829,77,14480,0.4124388244669493
louvain,9.31094621318829,78,57991,0.4082250008521282
louvain,9.31094621318829,74,54596,0.4241927268142193
louvain,9.31094621318829,77,50180,0.40893011129527473
louvain,9.31094621318829,78,50469,0.42167553357372656
louvain,9.31094621318829,77,2110,0.40757976499868676
louvain,9.31094621318829,80,9373,0.39237697654282955
louvain,9.31094621318829,78,3289,0.4120776116507122
louvain,9.31094621318829,77,54621,0.41235345740684276
louvain,9.31094621318829,76,21588,0.40954981322987194
louvain,9.31094621318829,74,23019,0.40717899757186915
louvain,9.31094621318829,75,57408,0.41506685032377577
louvain,9.31094621318829,76,18144,0.4021540191364118
louvain,10.777294423719212,83,43667,0.38012847492179197
louvain,10.777294423719212,85,55824,0.3770956987866666
louvain,10.777294423719212,84,14480,0.3938016446532019
louvain,10.777294423719212,84,57991,0.3923806478828254
louvain,10.777294423719212,85,54596,0.38228808112367646
louvain,10.777294423719212,84,50180,0.3871916996219889
louvain,10.777294423719212,86,50469,0.3842194430628297
louvain,10.777294423719212,81,2110,0.3924723176906336
louvain,10.777294423719212,84,9373,0.37931146091543916
louvain,10.777294423719212,84,3289,0.3894057013911142
louvain,10.777294423719212,85,54621,0.38308409586181297
louvain,10.777294423719212,86,21588,0.3858635787314559
louvain,10.777294423719212,85,23019,0.3745509705881484
louvain,10.777294423719212,84,57408,0.3901885567930644
louvain,10.777294423719212,87,18144,0.37113483546545006
louvain,12.47457266276664,94,43667,0.35936211888581926
louvain,12.47457266276664,96,55824,0.35787531427855823
louvain,12.47457266276664,93,14480,0.36409984874974033
louvain,12.47457266276664,96,57991,0.35164632792588413
louvain,12.47457266276664,95,54596,0.349321213507694
louvain,12.47457266276664,90,50180,0.3677167239982335
louvain,12.47457266276664,95,50469,0.3566340948041087
louvain,12.47457266276664,93,2110,0.3636587260506748
louvain,12.47457266276664,93,9373,0.35915768054229036
louvain,12.47457266276664,93,3289,0.3626331809822902
louvain,12.47457266276664,95,54621,0.36732205570772675
louvain,12.47457266276664,94,21588,0.3560433780142457
louvain,12.47457266276664,91,23019,0.3598369942586433
louvain,12.47457266276664,94,57408,0.3613048280555211
louvain,12.47457266276664,98,18144,0.3514032645768275
louvain,14.439149289283547,110,43667,0.3263944834100098
louvain,14.439149289283547,105,55824,0.33583235548764917
louvain,14.439149289283547,100,14480,0.3493025725454523
louvain,14.439149289283547,110,57991,0.32588201848841675
louvain,14.439149289283547,103,54596,0.33735574910874255
louvain,14.439149289283547,104,50180,0.3255488638771131
louvain,14.439149289283547,110,50469,0.3205198114613456
louvain,14.439149289283547,106,2110,0.325300403987707
louvain,14.439149289283547,105,9373,0.32449863952643815
louvain,14.439149289283547,102,3289,0.34165717071953405
louvain,14.439149289283547,107,54621,0.3269943455391675
louvain,14.439149289283547,107,21588,0.33491297889143
louvain,14.439149289283547,107,23019,0.32715599876749596
louvain,14.439149289283547,107,57408,0.32417837327047505
louvain,14.439149289283547,104,18144,0.33737240082205744
louvain,16.71312018731537,120,43667,0.30112844876355094
louvain,16.71312018731537,120,55824,0.3103384131639045
louvain,16.71312018731537,117,14480,0.3120017940372199
louvain,16.71312018731537,122,57991,0.3019526606248417
louvain,16.71312018731537,115,54596,0.31065618022984376
louvain,16.71312018731537,117,50180,0.30695745130719426
louvain,16.71312018731537,122,50469,0.30639352546976645
louvain,16.71312018731537,121,2110,0.29857408503533117
louvain,16.71312018731537,123,9373,0.2983345910526849
louvain,16.71312018731537,118,3289,0.3104658546798044
louvain,16.71312018731537,118,54621,0.30659787172786707
louvain,16.71312018731537,122,21588,0.30336081789466257
louvain,16.71312018731537,124,23019,0.2994620145981685
louvain,16.71312018731537,119,57408,0.3066827213355523
louvain,16.71312018731537,119,18144,0.3051449974029079
louvain,19.345210773806517,131,43667,0.28858454197515887
louvain,19.345210773806517,132,55824,0.2815387864509448
louvain,19.345210773806517,135,14480,0.27633788135718207
louvain,19.345210773806517,133,57991,0.2804401224129202
louvain,19.345210773806517,128,54596,0.2811788680251328
louvain,19.345210773806517,133,50180,0.276886708342571
louvain,19.345210773806517,131,50469,0.2846229844747919
louvain,19.345210773806517,131,2110,0.2802907103304417
louvain,19.345210773806517,131,9373,0.2854469871970928
louvain,19.345210773806517,131,3289,0.2820137061292432
louvain,19.345210773806517,131,54621,0.2839106234052019
louvain,19.345210773806517,138,21588,0.27022653222730764
louvain,19.345210773806517,136,23019,0.2727872510851158
louvain,19.345210773806517,131,57408,0.2776116045651376
louvain,19.345210773806517,135,18144,0.27975238707518324
louvain,22.39182006044756,146,43667,0.25716735161378645
louvain,22.39182006044756,145,55824,0.26251562214242324
louvain,22.39182006044756,148,14480,0.2564925730074073
louvain,22.39182006044756,147,57991,0.25554890124051005
louvain,22.39182006044756,143,54596,0.25639919141483486
louvain,22.39182006044756,144,50180,0.262162523153443
louvain,22.39182006044756,150,50469,0.2544764893005118
louvain,22.39182006044756,146,2110,0.25864621697183154
louvain,22.39182006044756,151,9373,0.24650879465578157
louvain,22.39182006044756,143,3289,0.25679081271203075
louvain,22.39182006044756,147,54621,0.2562832381284407
louvain,22.39182006044756,149,21588,0.2507439443484852
louvain,22.39182006044756,144,23019,0.25739101320883495
louvain,22.39182006044756,142,57408,0.26221410615115165
louvain,22.39182006044756,147,18144,0.2508144577376734
louvain,25.91822914115521,162,43667,0.23472038318770647
louvain,25.91822914115521,159,55824,0.24200455769214133
louvain,25.91822914115521,160,14480,0.24000170200458368
louvain,25.91822914115521,161,57991,0.23785968900556168
louvain,25.91822914115521,159,54596,0.23069851162940255
louvain,25.91822914115521,166,50180,0.23275936849077786
louvain,25.91822914115521,158,50469,0.2416519112580765
louvain,25.91822914115521,160,2110,0.24043788043132555
louvain,25.91822914115521,158,9373,0.23451372769053877
louvain,25.91822914115521,158,3289,0.24421245563479368
louvain,25.91822914115521,160,54621,0.23483267810262584
louvain,25.91822914115521,157,21588,0.24011810460800895
louvain,25.91822914115521,165,23019,0.23257731366618634
louvain,25.91822914115521,158,57408,0.24273793766858884
louvain,25.91822914115521,161,18144,0.23344061698679383
louvain,30.0,172,43667,0.22048636401285612
louvain,30.0,175,55824,0.2157676994144184
louvain,30.0,176,14480,0.2179861855196616
louvain,30.0,174,57991,0.22039463531036854
louvain,30.0,172,54596,0.21860307364360546
louvain,30.0,177,50180,0.21619758224971491
louvain,30.0,177,50469,0.21254756987144513
louvain,30.0,175,2110,0.22233503452987163
louvain,30.0,175,9373,0.21398302707330294
louvain,30.0,175,3289,0.2204082781050353
louvain,30.0,172,54621,0.21868305911560681
louvain,30.0,173,21588,0.2186010241279169
louvain,30.0,175,23019,0.22065654058418335
louvain,30.0,174,57408,0.22418687283607508
louvain,30.0,175,18144,0.21383898161834503
