algorithm,resolution,score,score_type
infomap,0.1,1.0,AMI
infomap,0.1,1.0,NMI
infomap,0.1,1.0,AMI
infomap,0.1,1.0,NMI
infomap,0.1,1.0,AMI
infomap,0.1,1.0,NMI
infomap,0.1,1.0,AMI
infomap,0.1,1.0,NMI
infomap,0.1,1.0,AMI
infomap,0.1,1.0,NMI
infomap,0.1,1.0,AMI
infomap,0.1,1.0,NMI
infomap,0.1,1.0,AMI
infomap,0.1,1.0,NMI
infomap,0.1,1.0,AMI
infomap,0.1,1.0,NMI
infomap,0.1,1.0,AMI
infomap,0.1,1.0,NMI
infomap,0.1,1.0,AMI
infomap,0.1,1.0,NMI
infomap,0.1,1.0,AMI
infomap,0.1,1.0,NMI
infomap,0.1,1.0,AMI
infomap,0.1,1.0,NMI
infomap,0.1,1.0,AMI
infomap,0.1,1.0,NMI
infomap,0.1,1.0,AMI
infomap,0.1,1.0,NMI
infomap,0.1,1.0,AMI
infomap,0.1,1.0,NMI
infomap,0.1,1.0,AMI
infomap,0.1,1.0,NMI
infomap,0.1,1.0,AMI
infomap,0.1,1.0,NMI
infomap,0.1,1.0,AMI
infomap,0.1,1.0,NMI
infomap,0.1,1.0,AMI
infomap,0.1,1.0,NMI
infomap,0.1,1.0,AMI
infomap,0.1,1.0,NMI
infomap,0.1,1.0,AMI
infomap,0.1,1.0,NMI
infomap,0.18846716378431197,1.0,AMI
infomap,0.18846716378431197,1.0,NMI
infomap,0.18846716378431197,1.0,AMI
infomap,0.18846716378431197,1.0,NMI
infomap,0.18846716378431197,1.0,AMI
infomap,0.18846716378431197,1.0,NMI
infomap,0.18846716378431197,1.0,AMI
infomap,0.18846716378431197,1.0,NMI
infomap,0.18846716378431197,1.0,AMI
infomap,0.18846716378431197,1.0,NMI
infomap,0.18846716378431197,1.0,AMI
infomap,0.18846716378431197,1.0,NMI
infomap,0.18846716378431197,1.0,AMI
infomap,0.18846716378431197,1.0,NMI
infomap,0.18846716378431197,1.0,AMI
infomap,0.18846716378431197,1.0,NMI
infomap,0.18846716378431197,1.0,AMI
infomap,0.18846716378431197,1.0,NMI
infomap,0.18846716378431197,1.0,AMI
infomap,0.18846716378431197,1.0,NMI
infomap,0.18846716378431197,1.0,AMI
infomap,0.18846716378431197,1.0,NMI
infomap,0.18846716378431197,1.0,AMI
infomap,0.18846716378431197,1.0,NMI
infomap,0.18846716378431197,1.0,AMI
infomap,0.18846716378431197,1.0,NMI
infomap,0.18846716378431197,1.0,AMI
infomap,0.18846716378431197,1.0,NMI
infomap,0.18846716378431197,1.0,AMI
infomap,0.18846716378431197,1.0,NMI
infomap,0.18846716378431197,1.0,AMI
infomap,0.18846716378431197,1.0,NMI
infomap,0.18846716378431197,1.0,AMI
infomap,0.18846716378431197,1.0,NMI
infomap,0.18846716378431197,1.0,AMI
infomap,0.18846716378431197,1.0,NMI
infomap,0.18846716378431197,1.0,AMI
infomap,0.18846716378431197,1.0,NMI
infomap,0.18846716378431197,1.0,AMI
infomap,0.18846716378431197,1.0,NMI
infomap,0.18846716378431197,1.0,AMI
infomap,0.18846716378431197,1.0,NMI
infomap,0.3551987182490266,0.8521593704133571,AMI
infomap,0.3551987182490266,0.8638782699244261,NMI
infomap,0.3551987182490266,0.6730513790267714,AMI
infomap,0.3551987182490266,0.6863196205585718,NMI
infomap,0.3551987182490266,0.7145351339464014,AMI
infomap,0.3551987182490266,0.728014932667316,NMI
infomap,0.3551987182490266,0.6457646440807961,AMI
infomap,0.3551987182490266,0.6639307417047756,NMI
infomap,0.3551987182490266,0.7034092558119472,AMI
infomap,0.3551987182490266,0.7190451131594203,NMI
infomap,0.3551987182490266,0.7329333438070718,AMI
infomap,0.3551987182490266,0.7459241795442811,NMI
infomap,0.3551987182490266,0.6530258967588839,AMI
infomap,0.3551987182490266,0.6710334028814352,NMI
infomap,0.3551987182490266,0.6354497121421866,AMI
infomap,0.3551987182490266,0.658014443118165,NMI
infomap,0.3551987182490266,0.8164449400146706,AMI
infomap,0.3551987182490266,0.8270493891340663,NMI
infomap,0.3551987182490266,0.8321232694682276,AMI
infomap,0.3551987182490266,0.8413547354403987,NMI
infomap,0.3551987182490266,0.8985202493505317,AMI
infomap,0.3551987182490266,0.9048071152391159,NMI
infomap,0.3551987182490266,0.7467347713735715,AMI
infomap,0.3551987182490266,0.757766097662922,NMI
infomap,0.3551987182490266,0.6311543127760233,AMI
infomap,0.3551987182490266,0.6477922030807332,NMI
infomap,0.3551987182490266,0.6279637292159324,AMI
infomap,0.3551987182490266,0.6447069168484041,NMI
infomap,0.3551987182490266,0.5686485304643776,AMI
infomap,0.3551987182490266,0.586543012659038,NMI
infomap,0.3551987182490266,0.6811729259864521,AMI
infomap,0.3551987182490266,0.6986864768514774,NMI
infomap,0.3551987182490266,0.7372782278568553,AMI
infomap,0.3551987182490266,0.7522139250271545,NMI
infomap,0.3551987182490266,0.6712895233221005,AMI
infomap,0.3551987182490266,0.6879874940951599,NMI
infomap,0.3551987182490266,0.8604536522539106,AMI
infomap,0.3551987182490266,0.8675981368806069,NMI
infomap,0.3551987182490266,0.8839791722626499,AMI
infomap,0.3551987182490266,0.8897031119972432,NMI
infomap,0.3551987182490266,0.8934695848653449,AMI
infomap,0.3551987182490266,0.8987197127321945,NMI
infomap,0.6694329500821696,0.9423126303948014,AMI
infomap,0.6694329500821696,0.9514383036202144,NMI
infomap,0.6694329500821696,0.9449925950499118,AMI
infomap,0.6694329500821696,0.9535321477746331,NMI
infomap,0.6694329500821696,0.9184202058160671,AMI
infomap,0.6694329500821696,0.9304103222235489,NMI
infomap,0.6694329500821696,0.9190892297479526,AMI
infomap,0.6694329500821696,0.932016341175507,NMI
infomap,0.6694329500821696,0.9423126303948014,AMI
infomap,0.6694329500821696,0.9514383036202144,NMI
infomap,0.6694329500821696,0.943548691113512,AMI
infomap,0.6694329500821696,0.9525751317720954,NMI
infomap,0.6694329500821696,0.9789275120678858,AMI
infomap,0.6694329500821696,0.9821531805553064,NMI
infomap,0.6694329500821696,0.966607916792131,AMI
infomap,0.6694329500821696,0.971497989881021,NMI
infomap,0.6694329500821696,0.9592263276724113,AMI
infomap,0.6694329500821696,0.9656529669289593,NMI
infomap,0.6694329500821696,1.0,AMI
infomap,0.6694329500821696,1.0,NMI
infomap,0.6694329500821696,0.9349463256486715,AMI
infomap,0.6694329500821696,0.9452058392626582,NMI
infomap,0.6694329500821696,0.9733150619527485,AMI
infomap,0.6694329500821696,0.9771017331232057,NMI
infomap,0.6694329500821696,0.9707893943412839,AMI
infomap,0.6694329500821696,0.9753064012152818,NMI
infomap,0.6694329500821696,0.9789275120678859,AMI
infomap,0.6694329500821696,0.9821531805553066,NMI
infomap,0.6694329500821696,0.9343630540816369,AMI
infomap,0.6694329500821696,0.9445033895871655,NMI
infomap,0.6694329500821696,0.9534119350356598,AMI
infomap,0.6694329500821696,0.9602692034759885,NMI
infomap,0.6694329500821696,0.9666079167921311,AMI
infomap,0.6694329500821696,0.9714979898810212,NMI
infomap,0.6694329500821696,0.9200153994187025,AMI
infomap,0.6694329500821696,0.931701892171908,NMI
infomap,0.6694329500821696,0.9592263276724113,AMI
infomap,0.6694329500821696,0.9656529669289593,NMI
infomap,0.6694329500821696,0.9319572346862516,AMI
infomap,0.6694329500821696,0.942796582189623,NMI
infomap,0.6694329500821696,0.9349463256486715,AMI
infomap,0.6694329500821696,0.9452058392626582,NMI
infomap,1.2616612944575138,0.9764345193911994,AMI
infomap,1.2616612944575138,0.9770127171313748,NMI
infomap,1.2616612944575138,0.8424533575950426,AMI
infomap,1.2616612944575138,0.8463146226921793,NMI
infomap,1.2616612944575138,0.8572976848726529,AMI
infomap,1.2616612944575138,0.860780795710777,NMI
infomap,1.2616612944575138,0.7896660760538652,AMI
infomap,1.2616612944575138,0.794872351425591,NMI
infomap,1.2616612944575138,0.9255226716449544,AMI
infomap,1.2616612944575138,0.927443750711297,NMI
infomap,1.2616612944575138,0.8424533575950426,AMI
infomap,1.2616612944575138,0.8463146226921793,NMI
infomap,1.2616612944575138,0.8507671612654428,AMI
infomap,1.2616612944575138,0.8544332131493866,NMI
infomap,1.2616612944575138,0.8369200159610011,AMI
infomap,1.2616612944575138,0.8409161940775213,NMI
infomap,1.2616612944575138,0.8068727132947785,AMI
infomap,1.2616612944575138,0.8116568642414866,NMI
infomap,1.2616612944575138,0.9491860820266814,AMI
infomap,1.2616612944575138,0.9505008378256511,NMI
infomap,1.2616612944575138,0.8507671612654428,AMI
infomap,1.2616612944575138,0.8544332131493866,NMI
infomap,1.2616612944575138,0.9856237207820937,AMI
infomap,1.2616612944575138,0.985981524720763,NMI
infomap,1.2616612944575138,0.9420886612044234,AMI
infomap,1.2616612944575138,0.9435375890685468,NMI
infomap,1.2616612944575138,0.8079584045584948,AMI
infomap,1.2616612944575138,0.8127808974986005,NMI
infomap,1.2616612944575138,1.0,AMI
infomap,1.2616612944575138,1.0,NMI
infomap,1.2616612944575138,0.9278605571919679,AMI
infomap,1.2616612944575138,0.9296753892618028,NMI
infomap,1.2616612944575138,0.7940961798516936,AMI
infomap,1.2616612944575138,0.7992750774326154,NMI
infomap,1.2616612944575138,0.9856237207820937,AMI
infomap,1.2616612944575138,0.985981524720763,NMI
infomap,1.2616612944575138,0.831915552799254,AMI
infomap,1.2616612944575138,0.836133362165128,NMI
infomap,1.2616612944575138,0.9420886612044234,AMI
infomap,1.2616612944575138,0.9435375890685468,NMI
infomap,1.2616612944575138,0.8079584045584944,AMI
infomap,1.2616612944575138,0.8127808974986004,NMI
infomap,2.377817258228513,0.9270240405079789,AMI
infomap,2.377817258228513,0.9360106644073252,NMI
infomap,2.377817258228513,0.9639716293382722,AMI
infomap,2.377817258228513,0.9682393451267645,NMI
infomap,2.377817258228513,0.8890507924152515,AMI
infomap,2.377817258228513,0.9021949772748219,NMI
infomap,2.377817258228513,0.8890507924152515,AMI
infomap,2.377817258228513,0.9021949772748219,NMI
infomap,2.377817258228513,0.9610250821827,AMI
infomap,2.377817258228513,0.9657980455108959,NMI
infomap,2.377817258228513,0.8735449942122255,AMI
infomap,2.377817258228513,0.8885090391988993,NMI
infomap,2.377817258228513,0.9342224818964661,AMI
infomap,2.377817258228513,0.9420646075221831,NMI
infomap,2.377817258228513,0.9003963999504239,AMI
infomap,2.377817258228513,0.9122603823485506,NMI
infomap,2.377817258228513,0.9003963999504239,AMI
infomap,2.377817258228513,0.9122603823485506,NMI
infomap,2.377817258228513,0.9002535978113618,AMI
infomap,2.377817258228513,0.9125164343665375,NMI
infomap,2.377817258228513,0.8849864012215601,AMI
infomap,2.377817258228513,0.8986789341805848,NMI
infomap,2.377817258228513,0.8929342427394711,AMI
infomap,2.377817258228513,0.9051799548458866,NMI
infomap,2.377817258228513,0.8929342427394711,AMI
infomap,2.377817258228513,0.9051799548458866,NMI
infomap,2.377817258228513,0.9444341120211728,AMI
infomap,2.377817258228513,0.9510170504257406,NMI
infomap,2.377817258228513,0.8843884140291677,AMI
infomap,2.377817258228513,0.8975964414799991,NMI
infomap,2.377817258228513,1.0,AMI
infomap,2.377817258228513,1.0,NMI
infomap,2.377817258228513,0.9089706612393016,AMI
infomap,2.377817258228513,0.9197502168817332,NMI
infomap,2.377817258228513,0.9848055764359726,AMI
infomap,2.377817258228513,0.9865449431224941,NMI
infomap,2.377817258228513,0.9089706612393016,AMI
infomap,2.377817258228513,0.9197502168817332,NMI
infomap,2.377817258228513,0.9848055764359726,AMI
infomap,2.377817258228513,0.9865449431224941,NMI
infomap,2.377817258228513,0.893551460986096,AMI
infomap,2.377817258228513,0.9061490927131398,NMI
infomap,4.481404746557166,1.0,AMI
infomap,4.481404746557166,1.0,NMI
infomap,4.481404746557166,1.0,AMI
infomap,4.481404746557166,1.0,NMI
infomap,4.481404746557166,1.0,AMI
infomap,4.481404746557166,1.0,NMI
infomap,4.481404746557166,1.0,AMI
infomap,4.481404746557166,1.0,NMI
infomap,4.481404746557166,1.0,AMI
infomap,4.481404746557166,1.0,NMI
infomap,4.481404746557166,1.0,AMI
infomap,4.481404746557166,1.0,NMI
infomap,4.481404746557166,1.0,AMI
infomap,4.481404746557166,1.0,NMI
infomap,4.481404746557166,1.0,AMI
infomap,4.481404746557166,1.0,NMI
infomap,4.481404746557166,1.0,AMI
infomap,4.481404746557166,1.0,NMI
infomap,4.481404746557166,1.0,AMI
infomap,4.481404746557166,1.0,NMI
infomap,4.481404746557166,1.0,AMI
infomap,4.481404746557166,1.0,NMI
infomap,4.481404746557166,1.0,AMI
infomap,4.481404746557166,1.0,NMI
infomap,4.481404746557166,1.0,AMI
infomap,4.481404746557166,1.0,NMI
infomap,4.481404746557166,1.0,AMI
infomap,4.481404746557166,1.0,NMI
infomap,4.481404746557166,1.0,AMI
infomap,4.481404746557166,1.0,NMI
infomap,4.481404746557166,1.0,AMI
infomap,4.481404746557166,1.0,NMI
infomap,4.481404746557166,1.0,AMI
infomap,4.481404746557166,1.0,NMI
infomap,4.481404746557166,1.0,AMI
infomap,4.481404746557166,1.0,NMI
infomap,4.481404746557166,1.0,AMI
infomap,4.481404746557166,1.0,NMI
infomap,4.481404746557166,1.0,AMI
infomap,4.481404746557166,1.0,NMI
infomap,4.481404746557166,1.0,AMI
infomap,4.481404746557166,1.0,NMI
infomap,8.445976423531825,1.0,AMI
infomap,8.445976423531825,1.0,NMI
infomap,8.445976423531825,1.0,AMI
infomap,8.445976423531825,1.0,NMI
infomap,8.445976423531825,1.0,AMI
infomap,8.445976423531825,1.0,NMI
infomap,8.445976423531825,1.0,AMI
infomap,8.445976423531825,1.0,NMI
infomap,8.445976423531825,1.0,AMI
infomap,8.445976423531825,1.0,NMI
infomap,8.445976423531825,1.0,AMI
infomap,8.445976423531825,1.0,NMI
infomap,8.445976423531825,1.0,AMI
infomap,8.445976423531825,1.0,NMI
infomap,8.445976423531825,1.0,AMI
infomap,8.445976423531825,1.0,NMI
infomap,8.445976423531825,1.0,AMI
infomap,8.445976423531825,1.0,NMI
infomap,8.445976423531825,1.0,AMI
infomap,8.445976423531825,1.0,NMI
infomap,8.445976423531825,1.0,AMI
infomap,8.445976423531825,1.0,NMI
infomap,8.445976423531825,1.0,AMI
infomap,8.445976423531825,1.0,NMI
infomap,8.445976423531825,1.0,AMI
infomap,8.445976423531825,1.0,NMI
infomap,8.445976423531825,1.0,AMI
infomap,8.445976423531825,1.0,NMI
infomap,8.445976423531825,1.0,AMI
infomap,8.445976423531825,1.0,NMI
infomap,8.445976423531825,1.0,AMI
infomap,8.445976423531825,1.0,NMI
infomap,8.445976423531825,1.0,AMI
infomap,8.445976423531825,1.0,NMI
infomap,8.445976423531825,1.0,AMI
infomap,8.445976423531825,1.0,NMI
infomap,8.445976423531825,1.0,AMI
infomap,8.445976423531825,1.0,NMI
infomap,8.445976423531825,1.0,AMI
infomap,8.445976423531825,1.0,NMI
infomap,8.445976423531825,1.0,AMI
infomap,8.445976423531825,1.0,NMI
infomap,15.917892219322097,1.0,AMI
infomap,15.917892219322097,1.0,NMI
infomap,15.917892219322097,1.0,AMI
infomap,15.917892219322097,1.0,NMI
infomap,15.917892219322097,1.0,AMI
infomap,15.917892219322097,1.0,NMI
infomap,15.917892219322097,1.0,AMI
infomap,15.917892219322097,1.0,NMI
infomap,15.917892219322097,1.0,AMI
infomap,15.917892219322097,1.0,NMI
infomap,15.917892219322097,1.0,AMI
infomap,15.917892219322097,1.0,NMI
infomap,15.917892219322097,1.0,AMI
infomap,15.917892219322097,1.0,NMI
infomap,15.917892219322097,1.0,AMI
infomap,15.917892219322097,1.0,NMI
infomap,15.917892219322097,1.0,AMI
infomap,15.917892219322097,1.0,NMI
infomap,15.917892219322097,1.0,AMI
infomap,15.917892219322097,1.0,NMI
infomap,15.917892219322097,1.0,AMI
infomap,15.917892219322097,1.0,NMI
infomap,15.917892219322097,1.0,AMI
infomap,15.917892219322097,1.0,NMI
infomap,15.917892219322097,1.0,AMI
infomap,15.917892219322097,1.0,NMI
infomap,15.917892219322097,1.0,AMI
infomap,15.917892219322097,1.0,NMI
infomap,15.917892219322097,1.0,AMI
infomap,15.917892219322097,1.0,NMI
infomap,15.917892219322097,1.0,AMI
infomap,15.917892219322097,1.0,NMI
infomap,15.917892219322097,1.0,AMI
infomap,15.917892219322097,1.0,NMI
infomap,15.917892219322097,1.0,AMI
infomap,15.917892219322097,1.0,NMI
infomap,15.917892219322097,1.0,AMI
infomap,15.917892219322097,1.0,NMI
infomap,15.917892219322097,1.0,AMI
infomap,15.917892219322097,1.0,NMI
infomap,15.917892219322097,1.0,AMI
infomap,15.917892219322097,1.0,NMI
infomap,30.0,1.0,AMI
infomap,30.0,1.0,NMI
infomap,30.0,1.0,AMI
infomap,30.0,1.0,NMI
infomap,30.0,1.0,AMI
infomap,30.0,1.0,NMI
infomap,30.0,1.0,AMI
infomap,30.0,1.0,NMI
infomap,30.0,1.0,AMI
infomap,30.0,1.0,NMI
infomap,30.0,1.0,AMI
infomap,30.0,1.0,NMI
infomap,30.0,1.0,AMI
infomap,30.0,1.0,NMI
infomap,30.0,1.0,AMI
infomap,30.0,1.0,NMI
infomap,30.0,1.0,AMI
infomap,30.0,1.0,NMI
infomap,30.0,1.0,AMI
infomap,30.0,1.0,NMI
infomap,30.0,1.0,AMI
infomap,30.0,1.0,NMI
infomap,30.0,1.0,AMI
infomap,30.0,1.0,NMI
infomap,30.0,1.0,AMI
infomap,30.0,1.0,NMI
infomap,30.0,1.0,AMI
infomap,30.0,1.0,NMI
infomap,30.0,1.0,AMI
infomap,30.0,1.0,NMI
infomap,30.0,1.0,AMI
infomap,30.0,1.0,NMI
infomap,30.0,1.0,AMI
infomap,30.0,1.0,NMI
infomap,30.0,1.0,AMI
infomap,30.0,1.0,NMI
infomap,30.0,1.0,AMI
infomap,30.0,1.0,NMI
infomap,30.0,1.0,AMI
infomap,30.0,1.0,NMI
infomap,30.0,1.0,AMI
infomap,30.0,1.0,NMI
leiden,0.1,1.0,AMI
leiden,0.1,1.0,NMI
leiden,0.1,1.0,AMI
leiden,0.1,1.0,NMI
leiden,0.1,1.0,AMI
leiden,0.1,1.0,NMI
leiden,0.1,1.0,AMI
leiden,0.1,1.0,NMI
leiden,0.1,1.0,AMI
leiden,0.1,1.0,NMI
leiden,0.1,1.0,AMI
leiden,0.1,1.0,NMI
leiden,0.1,1.0,AMI
leiden,0.1,1.0,NMI
leiden,0.1,1.0,AMI
leiden,0.1,1.0,NMI
leiden,0.1,1.0,AMI
leiden,0.1,1.0,NMI
leiden,0.1,1.0,AMI
leiden,0.1,1.0,NMI
leiden,0.1,1.0,AMI
leiden,0.1,1.0,NMI
leiden,0.1,1.0,AMI
leiden,0.1,1.0,NMI
leiden,0.1,1.0,AMI
leiden,0.1,1.0,NMI
leiden,0.1,1.0,AMI
leiden,0.1,1.0,NMI
leiden,0.1,1.0,AMI
leiden,0.1,1.0,NMI
leiden,0.1,1.0,AMI
leiden,0.1,1.0,NMI
leiden,0.1,1.0,AMI
leiden,0.1,1.0,NMI
leiden,0.1,1.0,AMI
leiden,0.1,1.0,NMI
leiden,0.1,1.0,AMI
leiden,0.1,1.0,NMI
leiden,0.1,1.0,AMI
leiden,0.1,1.0,NMI
leiden,0.1,1.0,AMI
leiden,0.1,1.0,NMI
leiden,0.18846716378431197,0.8051244047741438,AMI
leiden,0.18846716378431197,0.8112702109754302,NMI
leiden,0.18846716378431197,0.8412075922690966,AMI
leiden,0.18846716378431197,0.8479935436894199,NMI
leiden,0.18846716378431197,0.7989683021587478,AMI
leiden,0.18846716378431197,0.805938752852769,NMI
leiden,0.18846716378431197,0.8199312822904021,AMI
leiden,0.18846716378431197,0.8260828733786142,NMI
leiden,0.18846716378431197,0.9382084617667432,AMI
leiden,0.18846716378431197,0.9388031485185019,NMI
leiden,0.18846716378431197,0.7989683021587478,AMI
leiden,0.18846716378431197,0.805938752852769,NMI
leiden,0.18846716378431197,0.7278331523508315,AMI
leiden,0.18846716378431197,0.7294079966889212,NMI
leiden,0.18846716378431197,0.7027876880040296,AMI
leiden,0.18846716378431197,0.7045164130288969,NMI
leiden,0.18846716378431197,0.9514772631482119,AMI
leiden,0.18846716378431197,0.9517542928527473,NMI
leiden,0.18846716378431197,0.8306317454631982,AMI
leiden,0.18846716378431197,0.8362123815318168,NMI
leiden,0.18846716378431197,0.7027876880040296,AMI
leiden,0.18846716378431197,0.7045164130288969,NMI
leiden,0.18846716378431197,0.9379341680812308,AMI
leiden,0.18846716378431197,0.9382915678015357,NMI
leiden,0.18846716378431197,0.7214625573749984,AMI
leiden,0.18846716378431197,0.7230726162263598,NMI
leiden,0.18846716378431197,0.8897054946522704,AMI
leiden,0.18846716378431197,0.8958622289466976,NMI
leiden,0.18846716378431197,0.9379341680812308,AMI
leiden,0.18846716378431197,0.9382915678015357,NMI
leiden,0.18846716378431197,0.7210845029045677,AMI
leiden,0.18846716378431197,0.7227079001033511,NMI
leiden,0.18846716378431197,0.8341982275801466,AMI
leiden,0.18846716378431197,0.8405799753325749,NMI
leiden,0.18846716378431197,1.0,AMI
leiden,0.18846716378431197,1.0,NMI
leiden,0.18846716378431197,0.8355725519095044,AMI
leiden,0.18846716378431197,0.8411647967410731,NMI
leiden,0.18846716378431197,0.7210845029045677,AMI
leiden,0.18846716378431197,0.7227079001033511,NMI
leiden,0.18846716378431197,0.8341982275801467,AMI
leiden,0.18846716378431197,0.8405799753325751,NMI
leiden,0.3551987182490266,0.6709877012881091,AMI
leiden,0.3551987182490266,0.6771008414142894,NMI
leiden,0.3551987182490266,0.7441130282933134,AMI
leiden,0.3551987182490266,0.7496387816797906,NMI
leiden,0.3551987182490266,0.726968481113139,AMI
leiden,0.3551987182490266,0.7321011038452339,NMI
leiden,0.3551987182490266,0.7196861535004557,AMI
leiden,0.3551987182490266,0.7248513513890752,NMI
leiden,0.3551987182490266,0.7105224200284832,AMI
leiden,0.3551987182490266,0.7158956558691912,NMI
leiden,0.3551987182490266,0.6673339251648897,AMI
leiden,0.3551987182490266,0.6734834098606836,NMI
leiden,0.3551987182490266,0.7914072755411728,AMI
leiden,0.3551987182490266,0.7963894438848773,NMI
leiden,0.3551987182490266,0.786078465791711,AMI
leiden,0.3551987182490266,0.7905804610502782,NMI
leiden,0.3551987182490266,0.9115675177524507,AMI
leiden,0.3551987182490266,0.9134715438801715,NMI
leiden,0.3551987182490266,0.8840395534475884,AMI
leiden,0.3551987182490266,0.8864969112129891,NMI
leiden,0.3551987182490266,0.8716119477506552,AMI
leiden,0.3551987182490266,0.8743252432380332,NMI
leiden,0.3551987182490266,0.9096741674587635,AMI
leiden,0.3551987182490266,0.9118287706635789,NMI
leiden,0.3551987182490266,0.8735126979023271,AMI
leiden,0.3551987182490266,0.87657865476683,NMI
leiden,0.3551987182490266,0.8639666190429431,AMI
leiden,0.3551987182490266,0.867230571217701,NMI
leiden,0.3551987182490266,0.7882960560234563,AMI
leiden,0.3551987182490266,0.7933630756990692,NMI
leiden,0.3551987182490266,0.8621722891627376,AMI
leiden,0.3551987182490266,0.8651208176748937,NMI
leiden,0.3551987182490266,0.8101587857748103,AMI
leiden,0.3551987182490266,0.814172915785909,NMI
leiden,0.3551987182490266,0.7614766428725573,AMI
leiden,0.3551987182490266,0.7665091743689006,NMI
leiden,0.3551987182490266,0.8998680056260906,AMI
leiden,0.3551987182490266,0.902008039635183,NMI
leiden,0.3551987182490266,0.8962766246496916,AMI
leiden,0.3551987182490266,0.8984964981701367,NMI
leiden,0.3551987182490266,0.901870010667694,AMI
leiden,0.3551987182490266,0.9039499456319665,NMI
leiden,0.6694329500821696,0.9459657304486881,AMI
leiden,0.6694329500821696,0.9484113271238057,NMI
leiden,0.6694329500821696,0.9207118740802457,AMI
leiden,0.6694329500821696,0.9243113562743619,NMI
leiden,0.6694329500821696,0.9294030778760046,AMI
leiden,0.6694329500821696,0.9326010715746875,NMI
leiden,0.6694329500821696,0.8521946985966599,AMI
leiden,0.6694329500821696,0.858880268691333,NMI
leiden,0.6694329500821696,0.9447296648176585,AMI
leiden,0.6694329500821696,0.9472315107498533,NMI
leiden,0.6694329500821696,0.8951480640862924,AMI
leiden,0.6694329500821696,0.8999043136097395,NMI
leiden,0.6694329500821696,0.9364659441819515,AMI
leiden,0.6694329500821696,0.939329849743058,NMI
leiden,0.6694329500821696,0.9273873352112764,AMI
leiden,0.6694329500821696,0.9306665582763605,NMI
leiden,0.6694329500821696,0.8413905977470035,AMI
leiden,0.6694329500821696,0.8485761817427879,NMI
leiden,0.6694329500821696,0.9406412099716723,AMI
leiden,0.6694329500821696,0.9433122043299882,NMI
leiden,0.6694329500821696,0.9022027705959091,AMI
leiden,0.6694329500821696,0.9066278845413865,NMI
leiden,0.6694329500821696,0.8952716431956743,AMI
leiden,0.6694329500821696,0.8999946821783306,NMI
leiden,0.6694329500821696,0.8130837997005155,AMI
leiden,0.6694329500821696,0.8216058783103397,NMI
leiden,0.6694329500821696,0.935788726164035,AMI
leiden,0.6694329500821696,0.9386687467147377,NMI
leiden,0.6694329500821696,0.8991712540296037,AMI
leiden,0.6694329500821696,0.9037363448154594,NMI
leiden,0.6694329500821696,0.8069225365784588,AMI
leiden,0.6694329500821696,0.8156136171195936,NMI
leiden,0.6694329500821696,0.9148690255452003,AMI
leiden,0.6694329500821696,0.9187099469200518,NMI
leiden,0.6694329500821696,0.8723398181067373,AMI
leiden,0.6694329500821696,0.878124066787353,NMI
leiden,0.6694329500821696,0.8153984560332503,AMI
leiden,0.6694329500821696,0.8237418308058595,NMI
leiden,0.6694329500821696,0.7746710495506778,AMI
leiden,0.6694329500821696,0.7847815836852915,NMI
leiden,0.6694329500821696,0.9406425425773587,AMI
leiden,0.6694329500821696,0.9433296267224673,NMI
leiden,1.2616612944575138,0.9692488970112124,AMI
leiden,1.2616612944575138,0.9715419434330019,NMI
leiden,1.2616612944575138,0.9031649872740446,AMI
leiden,1.2616612944575138,0.910939896776257,NMI
leiden,1.2616612944575138,0.9550420438127792,AMI
leiden,1.2616612944575138,0.958272267932342,NMI
leiden,1.2616612944575138,0.9425512207083578,AMI
leiden,1.2616612944575138,0.9468361236409918,NMI
leiden,1.2616612944575138,0.944797698901832,AMI
leiden,1.2616612944575138,0.9487620048781993,NMI
leiden,1.2616612944575138,0.9400659785264052,AMI
leiden,1.2616612944575138,0.9445382750676466,NMI
leiden,1.2616612944575138,0.9289290313118779,AMI
leiden,1.2616612944575138,0.9346503004299377,NMI
leiden,1.2616612944575138,0.9626066960725822,AMI
leiden,1.2616612944575138,0.9652947584303944,NMI
leiden,1.2616612944575138,0.9498342800773413,AMI
leiden,1.2616612944575138,0.9535761574957322,NMI
leiden,1.2616612944575138,0.9143338553948879,AMI
leiden,1.2616612944575138,0.9204816163681453,NMI
leiden,1.2616612944575138,0.9473516241369643,AMI
leiden,1.2616612944575138,0.9512804686140213,NMI
leiden,1.2616612944575138,0.8939333136737956,AMI
leiden,1.2616612944575138,0.9021780262140041,NMI
leiden,1.2616612944575138,0.94731592147696,AMI
leiden,1.2616612944575138,0.9515734321855295,NMI
leiden,1.2616612944575138,0.9221965703428603,AMI
leiden,1.2616612944575138,0.9282718601618,NMI
leiden,1.2616612944575138,0.9514334102787311,AMI
leiden,1.2616612944575138,0.9553672312577954,NMI
leiden,1.2616612944575138,0.944111296234055,AMI
leiden,1.2616612944575138,0.9481253741286102,NMI
leiden,1.2616612944575138,0.9082267064549979,AMI
leiden,1.2616612944575138,0.9145401125910814,NMI
leiden,1.2616612944575138,0.9327987698113147,AMI
leiden,1.2616612944575138,0.9376249212307789,NMI
leiden,1.2616612944575138,0.9556478821487425,AMI
leiden,1.2616612944575138,0.9588347974693824,NMI
leiden,1.2616612944575138,0.9887162172384201,AMI
leiden,1.2616612944575138,0.9895584946725253,NMI
leiden,1.2616612944575138,0.9532529431701785,AMI
leiden,1.2616612944575138,0.9566119337209112,NMI
leiden,2.377817258228513,0.845402008508625,AMI
leiden,2.377817258228513,0.8732135109895371,NMI
leiden,2.377817258228513,0.9207808480117357,AMI
leiden,2.377817258228513,0.934418547194131,NMI
leiden,2.377817258228513,0.8203976233115188,AMI
leiden,2.377817258228513,0.8502666140547381,NMI
leiden,2.377817258228513,0.9025639837182484,AMI
leiden,2.377817258228513,0.9193157007512767,NMI
leiden,2.377817258228513,0.8286061713284802,AMI
leiden,2.377817258228513,0.8591035832363322,NMI
leiden,2.377817258228513,0.8727058741394409,AMI
leiden,2.377817258228513,0.8954976920622446,NMI
leiden,2.377817258228513,0.8192718489710619,AMI
leiden,2.377817258228513,0.8501714455772424,NMI
leiden,2.377817258228513,0.863655711189168,AMI
leiden,2.377817258228513,0.8862801525526979,NMI
leiden,2.377817258228513,0.8017025830041975,AMI
leiden,2.377817258228513,0.8355801618644997,NMI
leiden,2.377817258228513,0.9205095580453582,AMI
leiden,2.377817258228513,0.934604315301574,NMI
leiden,2.377817258228513,0.886292202885479,AMI
leiden,2.377817258228513,0.9065802389975428,NMI
leiden,2.377817258228513,0.8697714732070679,AMI
leiden,2.377817258228513,0.8901920191245103,NMI
leiden,2.377817258228513,0.9646404115003056,AMI
leiden,2.377817258228513,0.9703735450936798,NMI
leiden,2.377817258228513,0.8700912284194863,AMI
leiden,2.377817258228513,0.8920538272050403,NMI
leiden,2.377817258228513,0.9136140989041245,AMI
leiden,2.377817258228513,0.928351005623182,NMI
leiden,2.377817258228513,0.8561812613138327,AMI
leiden,2.377817258228513,0.8787139883828157,NMI
leiden,2.377817258228513,0.930571049758097,AMI
leiden,2.377817258228513,0.942010327401675,NMI
leiden,2.377817258228513,0.8673773417445407,AMI
leiden,2.377817258228513,0.8892714116540805,NMI
leiden,2.377817258228513,0.8509582711054741,AMI
leiden,2.377817258228513,0.8761340212111763,NMI
leiden,2.377817258228513,0.8892805510411769,AMI
leiden,2.377817258228513,0.9081387177040424,NMI
leiden,2.377817258228513,0.9331056095259586,AMI
leiden,2.377817258228513,0.9449111526026936,NMI
leiden,4.481404746557166,0.9398173113578613,AMI
leiden,4.481404746557166,0.9580299375738851,NMI
leiden,4.481404746557166,0.9672445298481449,AMI
leiden,4.481404746557166,0.977762472425272,NMI
leiden,4.481404746557166,0.894304974353715,AMI
leiden,4.481404746557166,0.9276809309594275,NMI
leiden,4.481404746557166,0.9182731500567013,AMI
leiden,4.481404746557166,0.9439708415730688,NMI
leiden,4.481404746557166,0.922120571981123,AMI
leiden,4.481404746557166,0.9457573747397747,NMI
leiden,4.481404746557166,0.95103818234831,AMI
leiden,4.481404746557166,0.9662550684524954,NMI
leiden,4.481404746557166,0.9305036314932956,AMI
leiden,4.481404746557166,0.9520164572652625,NMI
leiden,4.481404746557166,0.9233958300357195,AMI
leiden,4.481404746557166,0.9466650468441254,NMI
leiden,4.481404746557166,0.9484649613877545,AMI
leiden,4.481404746557166,0.964058460841377,NMI
leiden,4.481404746557166,0.9552810344763377,AMI
leiden,4.481404746557166,0.9682528338215401,NMI
leiden,4.481404746557166,0.9533077829313609,AMI
leiden,4.481404746557166,0.9672357393808508,NMI
leiden,4.481404746557166,0.9217826325541055,AMI
leiden,4.481404746557166,0.9469657601331104,NMI
leiden,4.481404746557166,0.9152887824789885,AMI
leiden,4.481404746557166,0.9424537033028444,NMI
leiden,4.481404746557166,0.919316845207683,AMI
leiden,4.481404746557166,0.9443552556106407,NMI
leiden,4.481404746557166,0.9181979713996664,AMI
leiden,4.481404746557166,0.9441435300564774,NMI
leiden,4.481404746557166,0.9448182154691775,AMI
leiden,4.481404746557166,0.9622369570864658,NMI
leiden,4.481404746557166,0.9240530911642963,AMI
leiden,4.481404746557166,0.9472061238134271,NMI
leiden,4.481404746557166,0.9392338453494163,AMI
leiden,4.481404746557166,0.9581949133492766,NMI
leiden,4.481404746557166,0.9225662325392259,AMI
leiden,4.481404746557166,0.9460558268080552,NMI
leiden,4.481404746557166,0.9462464307742668,AMI
leiden,4.481404746557166,0.9629438757091865,NMI
leiden,4.481404746557166,0.9211207134583,AMI
leiden,4.481404746557166,0.9447246168486089,NMI
leiden,8.445976423531825,0.91473095641675,AMI
leiden,8.445976423531825,0.9550322432393349,NMI
leiden,8.445976423531825,0.9697929071241668,AMI
leiden,8.445976423531825,0.9840514933985732,NMI
leiden,8.445976423531825,0.9260311456409166,AMI
leiden,8.445976423531825,0.9609966070625633,NMI
leiden,8.445976423531825,0.9267780196857236,AMI
leiden,8.445976423531825,0.9611326745225036,NMI
leiden,8.445976423531825,0.9494121465367054,AMI
leiden,8.445976423531825,0.9734366356381756,NMI
leiden,8.445976423531825,0.9421807525030466,AMI
leiden,8.445976423531825,0.9692067104693086,NMI
leiden,8.445976423531825,0.936180623420659,AMI
leiden,8.445976423531825,0.9666440779991833,NMI
leiden,8.445976423531825,0.901549519496726,AMI
leiden,8.445976423531825,0.9486199111574414,NMI
leiden,8.445976423531825,0.9088168172910233,AMI
leiden,8.445976423531825,0.9521048869927907,NMI
leiden,8.445976423531825,0.9284994124559263,AMI
leiden,8.445976423531825,0.9628286730759644,NMI
leiden,8.445976423531825,0.9447731430635511,AMI
leiden,8.445976423531825,0.9709004695891074,NMI
leiden,8.445976423531825,0.9358405917579348,AMI
leiden,8.445976423531825,0.9664697118645944,NMI
leiden,8.445976423531825,0.9409007529176668,AMI
leiden,8.445976423531825,0.9689145915641421,NMI
leiden,8.445976423531825,0.9395789884164446,AMI
leiden,8.445976423531825,0.9685460748551742,NMI
leiden,8.445976423531825,0.9472137244534243,AMI
leiden,8.445976423531825,0.9721467471903533,NMI
leiden,8.445976423531825,0.966754419166061,AMI
leiden,8.445976423531825,0.982541305050324,NMI
leiden,8.445976423531825,0.9383756341055834,AMI
leiden,8.445976423531825,0.9679664143668385,NMI
leiden,8.445976423531825,0.9082874833249638,AMI
leiden,8.445976423531825,0.9516759711406051,NMI
leiden,8.445976423531825,0.9362811704780392,AMI
leiden,8.445976423531825,0.9666678629886001,NMI
leiden,8.445976423531825,0.9349828591834238,AMI
leiden,8.445976423531825,0.9655151233570476,NMI
leiden,8.445976423531825,0.9401426816139205,AMI
leiden,8.445976423531825,0.9685901202335797,NMI
leiden,15.917892219322097,0.9682847936443427,AMI
leiden,15.917892219322097,0.9881977493003583,NMI
leiden,15.917892219322097,0.9710552035244568,AMI
leiden,15.917892219322097,0.9891652496014313,NMI
leiden,15.917892219322097,0.9539611929777229,AMI
leiden,15.917892219322097,0.982837677916193,NMI
leiden,15.917892219322097,0.9452265706098889,AMI
leiden,15.917892219322097,0.9795448173937127,NMI
leiden,15.917892219322097,0.9694841498906416,AMI
leiden,15.917892219322097,0.9886704793624996,NMI
leiden,15.917892219322097,0.9472013178879088,AMI
leiden,15.917892219322097,0.9802690343762827,NMI
leiden,15.917892219322097,0.9674896694528506,AMI
leiden,15.917892219322097,0.9878358509110986,NMI
leiden,15.917892219322097,0.9514805586151025,AMI
leiden,15.917892219322097,0.9819208887807939,NMI
leiden,15.917892219322097,0.9416447000671868,AMI
leiden,15.917892219322097,0.9782167739615225,NMI
leiden,15.917892219322097,0.9637545118108629,AMI
leiden,15.917892219322097,0.9865490543230766,NMI
leiden,15.917892219322097,0.9693998796695945,AMI
leiden,15.917892219322097,0.9885701508674968,NMI
leiden,15.917892219322097,0.9746118473040422,AMI
leiden,15.917892219322097,0.9904838098212729,NMI
leiden,15.917892219322097,0.9740013983001405,AMI
leiden,15.917892219322097,0.9902367836266651,NMI
leiden,15.917892219322097,0.9636813318872686,AMI
leiden,15.917892219322097,0.9864432895052252,NMI
leiden,15.917892219322097,0.946489393593826,AMI
leiden,15.917892219322097,0.9798911652133023,NMI
leiden,15.917892219322097,0.9488123787425201,AMI
leiden,15.917892219322097,0.9808587813267582,NMI
leiden,15.917892219322097,0.9476346432899423,AMI
leiden,15.917892219322097,0.9805332450704246,NMI
leiden,15.917892219322097,0.9304642566215995,AMI
leiden,15.917892219322097,0.9739799330136181,NMI
leiden,15.917892219322097,0.956880028422143,AMI
leiden,15.917892219322097,0.9839419441821419,NMI
leiden,15.917892219322097,0.9206820666501555,AMI
leiden,15.917892219322097,0.970265434703025,NMI
leiden,15.917892219322097,0.9426418379009748,AMI
leiden,15.917892219322097,0.978624877520622,NMI
leiden,30.0,0.990741719122582,AMI
leiden,30.0,0.997638462463374,NMI
leiden,30.0,0.990741719122582,AMI
leiden,30.0,0.997638462463374,NMI
leiden,30.0,0.9884213769548512,AMI
leiden,30.0,0.9970552500508115,NMI
leiden,30.0,0.9819686473174614,AMI
leiden,30.0,0.995390900161104,NMI
leiden,30.0,0.9741277539737385,AMI
leiden,30.0,0.9933745306001117,NMI
leiden,30.0,0.9703242061017245,AMI
leiden,30.0,0.9924506763633899,NMI
leiden,30.0,1.0,AMI
leiden,30.0,1.0,NMI
leiden,30.0,0.9900306685974799,AMI
leiden,30.0,0.9974691924176118,NMI
leiden,30.0,0.9803205391685025,AMI
leiden,30.0,0.9949794262989095,NMI
leiden,30.0,0.972470142563969,AMI
leiden,30.0,0.9929638902630887,NMI
leiden,30.0,0.9795705444152886,AMI
leiden,30.0,0.9948127878755596,NMI
leiden,30.0,0.9900306685974799,AMI
leiden,30.0,0.9974691924176118,NMI
leiden,30.0,0.9803205391685033,AMI
leiden,30.0,0.9949794262989096,NMI
leiden,30.0,0.972470142563969,AMI
leiden,30.0,0.9929638902630887,NMI
leiden,30.0,0.9795705444152879,AMI
leiden,30.0,0.9948127878755595,NMI
leiden,30.0,0.9703241793903824,AMI
leiden,30.0,0.9924507129064475,NMI
leiden,30.0,0.9624709235329001,AMI
leiden,30.0,0.9904355776659349,NMI
leiden,30.0,0.9818332259929029,AMI
leiden,30.0,0.9954000930205429,NMI
leiden,30.0,0.963741156820246,AMI
leiden,30.0,0.9907131894178541,NMI
leiden,30.0,0.988424578958068,AMI
leiden,30.0,0.9970551414480057,NMI
leiden,30.0,0.9520471749627953,AMI
leiden,30.0,0.9877768194540901,NMI
louvain,0.1,1.0,AMI
louvain,0.1,1.0,NMI
louvain,0.1,1.0,AMI
louvain,0.1,1.0,NMI
louvain,0.1,1.0,AMI
louvain,0.1,1.0,NMI
louvain,0.1,1.0,AMI
louvain,0.1,1.0,NMI
louvain,0.1,1.0,AMI
louvain,0.1,1.0,NMI
louvain,0.1,1.0,AMI
louvain,0.1,1.0,NMI
louvain,0.1,1.0,AMI
louvain,0.1,1.0,NMI
louvain,0.1,1.0,AMI
louvain,0.1,1.0,NMI
louvain,0.1,1.0,AMI
louvain,0.1,1.0,NMI
louvain,0.1,1.0,AMI
louvain,0.1,1.0,NMI
louvain,0.1,1.0,AMI
louvain,0.1,1.0,NMI
louvain,0.1,1.0,AMI
louvain,0.1,1.0,NMI
louvain,0.1,1.0,AMI
louvain,0.1,1.0,NMI
louvain,0.1,1.0,AMI
louvain,0.1,1.0,NMI
louvain,0.1,1.0,AMI
louvain,0.1,1.0,NMI
louvain,0.1,1.0,AMI
louvain,0.1,1.0,NMI
louvain,0.1,1.0,AMI
louvain,0.1,1.0,NMI
louvain,0.1,1.0,AMI
louvain,0.1,1.0,NMI
louvain,0.1,1.0,AMI
louvain,0.1,1.0,NMI
louvain,0.1,1.0,AMI
louvain,0.1,1.0,NMI
louvain,0.1,1.0,AMI
louvain,0.1,1.0,NMI
louvain,0.18846716378431197,0.6301753193733413,AMI
louvain,0.18846716378431197,0.6325485428269981,NMI
louvain,0.18846716378431197,0.6365686921552097,AMI
louvain,0.18846716378431197,0.6388737420320161,NMI
louvain,0.18846716378431197,0.6259889876939757,AMI
louvain,0.18846716378431197,0.6283631605527265,NMI
louvain,0.18846716378431197,0.5404920311709708,AMI
louvain,0.18846716378431197,0.548881128762714,NMI
louvain,0.18846716378431197,0.6671396018211772,AMI
louvain,0.18846716378431197,0.669272056698143,NMI
louvain,0.18846716378431197,0.5590341157792252,AMI
louvain,0.18846716378431197,0.5674088147446594,NMI
louvain,0.18846716378431197,0.9148753016484349,AMI
louvain,0.18846716378431197,0.9153642826445091,NMI
louvain,0.18846716378431197,0.9383556362637125,AMI
louvain,0.18846716378431197,0.9387090877957937,NMI
louvain,0.18846716378431197,0.8238687256646375,AMI
louvain,0.18846716378431197,0.8300947911852106,NMI
louvain,0.18846716378431197,0.9039386973929464,AMI
louvain,0.18846716378431197,0.9044910758685157,NMI
louvain,0.18846716378431197,0.7860967687608101,AMI
louvain,0.18846716378431197,0.7922897389085397,NMI
louvain,0.18846716378431197,0.964900437200428,AMI
louvain,0.18846716378431197,0.9651015968103367,NMI
louvain,0.18846716378431197,0.790313285029512,AMI
louvain,0.18846716378431197,0.7967517377422578,NMI
louvain,0.18846716378431197,0.9452111487521857,AMI
louvain,0.18846716378431197,0.9455249053153869,NMI
louvain,0.18846716378431197,0.7917268776827199,AMI
louvain,0.18846716378431197,0.7980951905637761,NMI
louvain,0.18846716378431197,0.8140797878690788,AMI
louvain,0.18846716378431197,0.8204342948018098,NMI
louvain,0.18846716378431197,0.9186106864980782,AMI
louvain,0.18846716378431197,0.9190771599253428,NMI
louvain,0.18846716378431197,0.7956493411034762,AMI
louvain,0.18846716378431197,0.8019489170968036,NMI
louvain,0.18846716378431197,0.8022515378175124,AMI
louvain,0.18846716378431197,0.8087171270765615,NMI
louvain,0.18846716378431197,0.9257317585969278,AMI
louvain,0.18846716378431197,0.9264251990341752,NMI
louvain,0.18846716378431197,0.8269260475380821,AMI
louvain,0.18846716378431197,0.8333031681414759,NMI
louvain,0.3551987182490266,0.8405981448718376,AMI
louvain,0.3551987182490266,0.8439902830834467,NMI
louvain,0.3551987182490266,0.804206659277413,AMI
louvain,0.3551987182490266,0.8089831044769231,NMI
louvain,0.3551987182490266,0.8501257608199083,AMI
louvain,0.3551987182490266,0.8533089472080184,NMI
louvain,0.3551987182490266,0.6513375116508677,AMI
louvain,0.3551987182490266,0.6592083584788039,NMI
louvain,0.3551987182490266,0.8568872692210089,AMI
louvain,0.3551987182490266,0.8599430763426494,NMI
louvain,0.3551987182490266,0.7944047292283587,AMI
louvain,0.3551987182490266,0.7988491912794111,NMI
louvain,0.3551987182490266,0.8621755982082696,AMI
louvain,0.3551987182490266,0.8659713717937249,NMI
louvain,0.3551987182490266,0.9063946901408918,AMI
louvain,0.3551987182490266,0.9083859679840991,NMI
louvain,0.3551987182490266,0.6052569729907121,AMI
louvain,0.3551987182490266,0.6141160420012958,NMI
louvain,0.3551987182490266,0.9107348332934029,AMI
louvain,0.3551987182490266,0.9126408025985498,NMI
louvain,0.3551987182490266,0.8336932254903388,AMI
louvain,0.3551987182490266,0.8372939648525262,NMI
louvain,0.3551987182490266,0.9163062283194825,AMI
louvain,0.3551987182490266,0.9194551354552724,NMI
louvain,0.3551987182490266,0.6323720522544579,AMI
louvain,0.3551987182490266,0.6395588718871213,NMI
louvain,0.3551987182490266,0.8778855588002838,AMI
louvain,0.3551987182490266,0.8813033504335359,NMI
louvain,0.3551987182490266,0.7899597443700512,AMI
louvain,0.3551987182490266,0.7946998443759261,NMI
louvain,0.3551987182490266,0.5910908898509648,AMI
louvain,0.3551987182490266,0.6002971301150896,NMI
louvain,0.3551987182490266,0.9227168943789291,AMI
louvain,0.3551987182490266,0.9243834664175022,NMI
louvain,0.3551987182490266,0.8536022286036111,AMI
louvain,0.3551987182490266,0.8568088064002666,NMI
louvain,0.3551987182490266,0.5811128436045574,AMI
louvain,0.3551987182490266,0.5904767197745123,NMI
louvain,0.3551987182490266,0.6320568333909233,AMI
louvain,0.3551987182490266,0.6402972961772382,NMI
louvain,0.3551987182490266,0.8994247056734503,AMI
louvain,0.3551987182490266,0.9016057260402107,NMI
louvain,0.6694329500821696,0.8102993116139788,AMI
louvain,0.6694329500821696,0.8183145643229053,NMI
louvain,0.6694329500821696,0.8087258387527051,AMI
louvain,0.6694329500821696,0.8166423212478165,NMI
louvain,0.6694329500821696,0.7611341128778487,AMI
louvain,0.6694329500821696,0.7709420126344261,NMI
louvain,0.6694329500821696,0.7135918921290512,AMI
louvain,0.6694329500821696,0.7263807675192455,NMI
louvain,0.6694329500821696,0.8564735565654896,AMI
louvain,0.6694329500821696,0.862748826461261,NMI
louvain,0.6694329500821696,0.7485914296829603,AMI
louvain,0.6694329500821696,0.7589158864383339,NMI
louvain,0.6694329500821696,0.8377972359854239,AMI
louvain,0.6694329500821696,0.8438014865110964,NMI
louvain,0.6694329500821696,0.7658582674905412,AMI
louvain,0.6694329500821696,0.7748871655868025,NMI
louvain,0.6694329500821696,0.7490586738904784,AMI
louvain,0.6694329500821696,0.7596104735828504,NMI
louvain,0.6694329500821696,0.8790306752562558,AMI
louvain,0.6694329500821696,0.8843297164172099,NMI
louvain,0.6694329500821696,0.8253990042708189,AMI
louvain,0.6694329500821696,0.8318639053048141,NMI
louvain,0.6694329500821696,0.8628125769600414,AMI
louvain,0.6694329500821696,0.8680903215381617,NMI
louvain,0.6694329500821696,0.6808700304872679,AMI
louvain,0.6694329500821696,0.6940413680378003,NMI
louvain,0.6694329500821696,0.8150617831202501,AMI
louvain,0.6694329500821696,0.8227417191301655,NMI
louvain,0.6694329500821696,0.8862019874513556,AMI
louvain,0.6694329500821696,0.8903850176903596,NMI
louvain,0.6694329500821696,0.7660679267319794,AMI
louvain,0.6694329500821696,0.7758663662087358,NMI
louvain,0.6694329500821696,0.7566982385669181,AMI
louvain,0.6694329500821696,0.7666838910878657,NMI
louvain,0.6694329500821696,0.7691972591680313,AMI
louvain,0.6694329500821696,0.7779731653733646,NMI
louvain,0.6694329500821696,0.785258227578505,AMI
louvain,0.6694329500821696,0.7948444309895583,NMI
louvain,0.6694329500821696,0.6861369370892839,AMI
louvain,0.6694329500821696,0.6991131592087116,NMI
louvain,0.6694329500821696,0.8442502794344793,AMI
louvain,0.6694329500821696,0.8507913037522739,NMI
louvain,1.2616612944575138,0.8547931360938825,AMI
louvain,1.2616612944575138,0.8651631149230665,NMI
louvain,1.2616612944575138,0.8300978710235948,AMI
louvain,1.2616612944575138,0.8428885665202748,NMI
louvain,1.2616612944575138,0.8286689090753063,AMI
louvain,1.2616612944575138,0.8405731784383421,NMI
louvain,1.2616612944575138,0.9030405972021343,AMI
louvain,1.2616612944575138,0.909777458449876,NMI
louvain,1.2616612944575138,0.8746769993427236,AMI
louvain,1.2616612944575138,0.8834106740703286,NMI
louvain,1.2616612944575138,0.773182117817993,AMI
louvain,1.2616612944575138,0.7915201770950306,NMI
louvain,1.2616612944575138,0.8095856834212833,AMI
louvain,1.2616612944575138,0.8241401599553559,NMI
louvain,1.2616612944575138,0.8616306341208007,AMI
louvain,1.2616612944575138,0.8714338783867503,NMI
louvain,1.2616612944575138,0.8579514615847286,AMI
louvain,1.2616612944575138,0.8679815132964724,NMI
louvain,1.2616612944575138,0.8603143162174924,AMI
louvain,1.2616612944575138,0.8702497127641752,NMI
louvain,1.2616612944575138,0.8806338682348412,AMI
louvain,1.2616612944575138,0.8904268751236135,NMI
louvain,1.2616612944575138,0.8050410317133316,AMI
louvain,1.2616612944575138,0.8196111795061998,NMI
louvain,1.2616612944575138,0.825353244389095,AMI
louvain,1.2616612944575138,0.838386668553022,NMI
louvain,1.2616612944575138,0.8612726863250526,AMI
louvain,1.2616612944575138,0.8716903765153666,NMI
louvain,1.2616612944575138,0.8233749621856488,AMI
louvain,1.2616612944575138,0.8385708505864762,NMI
louvain,1.2616612944575138,0.8811297137188107,AMI
louvain,1.2616612944575138,0.889333261044639,NMI
louvain,1.2616612944575138,0.8454573809564575,AMI
louvain,1.2616612944575138,0.8561655943930627,NMI
louvain,1.2616612944575138,0.7979419918305606,AMI
louvain,1.2616612944575138,0.8141699062193897,NMI
louvain,1.2616612944575138,0.9106903338206946,AMI
louvain,1.2616612944575138,0.9168723250301352,NMI
louvain,1.2616612944575138,0.7721737888629595,AMI
louvain,1.2616612944575138,0.7904182920300928,NMI
louvain,1.2616612944575138,0.8308054615054804,AMI
louvain,1.2616612944575138,0.8444881283951552,NMI
louvain,2.377817258228513,0.9044167854936064,AMI
louvain,2.377817258228513,0.9194887020224314,NMI
louvain,2.377817258228513,0.8621150194720536,AMI
louvain,2.377817258228513,0.8840832591581803,NMI
louvain,2.377817258228513,0.8862945980497651,AMI
louvain,2.377817258228513,0.9051081685784214,NMI
louvain,2.377817258228513,0.9230516650831898,AMI
louvain,2.377817258228513,0.9350767080474177,NMI
louvain,2.377817258228513,0.820664807522004,AMI
louvain,2.377817258228513,0.8500957879042214,NMI
louvain,2.377817258228513,0.8777243096395785,AMI
louvain,2.377817258228513,0.8963785830129609,NMI
louvain,2.377817258228513,0.8943396373693105,AMI
louvain,2.377817258228513,0.9110204209739883,NMI
louvain,2.377817258228513,0.9150983352571489,AMI
louvain,2.377817258228513,0.9290378005918691,NMI
louvain,2.377817258228513,0.9009434777908722,AMI
louvain,2.377817258228513,0.9162730445545806,NMI
louvain,2.377817258228513,0.8963668571362792,AMI
louvain,2.377817258228513,0.9132361358896164,NMI
louvain,2.377817258228513,0.8668690162667763,AMI
louvain,2.377817258228513,0.8869784919843965,NMI
louvain,2.377817258228513,0.8698491792059032,AMI
louvain,2.377817258228513,0.8913920713753093,NMI
louvain,2.377817258228513,0.8594258839043388,AMI
louvain,2.377817258228513,0.8814138145896901,NMI
louvain,2.377817258228513,0.8609781211494876,AMI
louvain,2.377817258228513,0.883816346589045,NMI
louvain,2.377817258228513,0.8057143734249095,AMI
louvain,2.377817258228513,0.8353686815096881,NMI
louvain,2.377817258228513,0.9076673215889253,AMI
louvain,2.377817258228513,0.9227230971263561,NMI
louvain,2.377817258228513,0.8876261228733872,AMI
louvain,2.377817258228513,0.906738703941913,NMI
louvain,2.377817258228513,0.8634708811536612,AMI
louvain,2.377817258228513,0.8852019393281405,NMI
louvain,2.377817258228513,0.8410590472762083,AMI
louvain,2.377817258228513,0.8666975442493997,NMI
louvain,2.377817258228513,0.8614463765785608,AMI
louvain,2.377817258228513,0.882140844294666,NMI
louvain,2.377817258228513,0.8484272586539872,AMI
louvain,2.377817258228513,0.8723372358140953,NMI
louvain,4.481404746557166,0.944362199700503,AMI
louvain,4.481404746557166,0.9612847083043351,NMI
louvain,4.481404746557166,0.8856375869587542,AMI
louvain,4.481404746557166,0.9207346080497906,NMI
louvain,4.481404746557166,0.9293094912268574,AMI
louvain,4.481404746557166,0.950679870243893,NMI
louvain,4.481404746557166,0.9521784701474929,AMI
louvain,4.481404746557166,0.9664625220566511,NMI
louvain,4.481404746557166,0.9704384413560512,AMI
louvain,4.481404746557166,0.979471293282027,NMI
louvain,4.481404746557166,0.9219434250761374,AMI
louvain,4.481404746557166,0.9461972758841579,NMI
louvain,4.481404746557166,0.8911730957395534,AMI
louvain,4.481404746557166,0.924004609412915,NMI
louvain,4.481404746557166,0.9291682548138943,AMI
louvain,4.481404746557166,0.9501948598439716,NMI
louvain,4.481404746557166,0.9387588205835887,AMI
louvain,4.481404746557166,0.9566823390211635,NMI
louvain,4.481404746557166,0.9617167329694523,AMI
louvain,4.481404746557166,0.9732056296039503,NMI
louvain,4.481404746557166,0.8947616690508702,AMI
louvain,4.481404746557166,0.9269257189244081,NMI
louvain,4.481404746557166,0.9383394908861965,AMI
louvain,4.481404746557166,0.9568292465654656,NMI
louvain,4.481404746557166,0.9224104729967662,AMI
louvain,4.481404746557166,0.945354444669106,NMI
louvain,4.481404746557166,0.9015470655868061,AMI
louvain,4.481404746557166,0.9313791133478687,NMI
louvain,4.481404746557166,0.9029993896377039,AMI
louvain,4.481404746557166,0.9329190382537994,NMI
louvain,4.481404746557166,0.9695101182398221,AMI
louvain,4.481404746557166,0.9783751294544315,NMI
louvain,4.481404746557166,0.9475708198627112,AMI
louvain,4.481404746557166,0.963206538684802,NMI
louvain,4.481404746557166,0.9174859936249621,AMI
louvain,4.481404746557166,0.9425583969485788,NMI
louvain,4.481404746557166,0.958586749646204,AMI
louvain,4.481404746557166,0.970772507645897,NMI
louvain,4.481404746557166,0.9404241594046451,AMI
louvain,4.481404746557166,0.9583038633235783,NMI
louvain,4.481404746557166,0.9150243183034477,AMI
louvain,4.481404746557166,0.9411073539736823,NMI
louvain,8.445976423531825,0.9323929319251993,AMI
louvain,8.445976423531825,0.9646970377334666,NMI
louvain,8.445976423531825,0.9238114538862645,AMI
louvain,8.445976423531825,0.960232911382745,NMI
louvain,8.445976423531825,0.9284952337225255,AMI
louvain,8.445976423531825,0.9619950564406592,NMI
louvain,8.445976423531825,0.9305502946237288,AMI
louvain,8.445976423531825,0.9637650354597275,NMI
louvain,8.445976423531825,0.9188819054232615,AMI
louvain,8.445976423531825,0.9571988904434008,NMI
louvain,8.445976423531825,0.9443030972067741,AMI
louvain,8.445976423531825,0.9705046952401912,NMI
louvain,8.445976423531825,0.9450526598048936,AMI
louvain,8.445976423531825,0.9714279894895804,NMI
louvain,8.445976423531825,0.9555518968541291,AMI
louvain,8.445976423531825,0.9764815414570044,NMI
louvain,8.445976423531825,0.9503811106830791,AMI
louvain,8.445976423531825,0.9742090033301101,NMI
louvain,8.445976423531825,0.9444148425529714,AMI
louvain,8.445976423531825,0.9707887966740844,NMI
louvain,8.445976423531825,0.9307706974622295,AMI
louvain,8.445976423531825,0.9634819312515978,NMI
louvain,8.445976423531825,0.9401226636218163,AMI
louvain,8.445976423531825,0.9683226846300216,NMI
louvain,8.445976423531825,0.9138824828210343,AMI
louvain,8.445976423531825,0.95525650582597,NMI
louvain,8.445976423531825,0.9127857358670294,AMI
louvain,8.445976423531825,0.9541808849363191,NMI
louvain,8.445976423531825,0.9322491100187562,AMI
louvain,8.445976423531825,0.9642783639995232,NMI
louvain,8.445976423531825,0.9207711912009955,AMI
louvain,8.445976423531825,0.9580921711367842,NMI
louvain,8.445976423531825,0.9230535321893697,AMI
louvain,8.445976423531825,0.9588191800802592,NMI
louvain,8.445976423531825,0.9455114185373568,AMI
louvain,8.445976423531825,0.9707239774366052,NMI
louvain,8.445976423531825,0.9644988532763534,AMI
louvain,8.445976423531825,0.9813632081057883,NMI
louvain,8.445976423531825,0.9212002108851796,AMI
louvain,8.445976423531825,0.9584664897930212,NMI
louvain,8.445976423531825,0.928706503136758,AMI
louvain,8.445976423531825,0.9619842851978557,NMI
louvain,15.917892219322097,0.9467252328922416,AMI
louvain,15.917892219322097,0.9799742123796181,NMI
louvain,15.917892219322097,0.9540137173434324,AMI
louvain,15.917892219322097,0.982606793272762,NMI
louvain,15.917892219322097,0.9438215741066098,AMI
louvain,15.917892219322097,0.978864814825022,NMI
louvain,15.917892219322097,0.9530001473645423,AMI
louvain,15.917892219322097,0.9822554339082361,NMI
louvain,15.917892219322097,0.9503579392759648,AMI
louvain,15.917892219322097,0.9814010839656183,NMI
louvain,15.917892219322097,0.9444897367983135,AMI
louvain,15.917892219322097,0.9791096090875544,NMI
louvain,15.917892219322097,0.9580488540299048,AMI
louvain,15.917892219322097,0.9843476056851883,NMI
louvain,15.917892219322097,0.9650921150953512,AMI
louvain,15.917892219322097,0.9870416322208854,NMI
louvain,15.917892219322097,0.928674701301232,AMI
louvain,15.917892219322097,0.9734324152962331,NMI
louvain,15.917892219322097,0.9677222745456265,AMI
louvain,15.917892219322097,0.9880645821749572,NMI
louvain,15.917892219322097,0.9160510668613326,AMI
louvain,15.917892219322097,0.9688272725267145,NMI
louvain,15.917892219322097,0.9441366156693677,AMI
louvain,15.917892219322097,0.9791394920842053,NMI
louvain,15.917892219322097,0.9416276646607095,AMI
louvain,15.917892219322097,0.9781268194271772,NMI
louvain,15.917892219322097,0.959228729730864,AMI
louvain,15.917892219322097,0.9848363996679761,NMI
louvain,15.917892219322097,0.9225203231834058,AMI
louvain,15.917892219322097,0.9710582389182131,NMI
louvain,15.917892219322097,0.9211469314540339,AMI
louvain,15.917892219322097,0.9706050885072011,NMI
louvain,15.917892219322097,0.9495440460196515,AMI
louvain,15.917892219322097,0.9813281523383749,NMI
louvain,15.917892219322097,0.9224509032927015,AMI
louvain,15.917892219322097,0.97118107773955,NMI
louvain,15.917892219322097,0.9304582493163099,AMI
louvain,15.917892219322097,0.974177926446503,NMI
louvain,15.917892219322097,0.9363500231152051,AMI
louvain,15.917892219322097,0.9762654125221225,NMI
louvain,15.917892219322097,0.9137272055876667,AMI
louvain,15.917892219322097,0.9680637326773855,NMI
louvain,30.0,0.9536943688500533,AMI
louvain,30.0,0.9879765967008037,NMI
louvain,30.0,0.9805625118419407,AMI
louvain,30.0,0.994946406738396,NMI
louvain,30.0,0.9586688355757181,AMI
louvain,30.0,0.9893583859419341,NMI
louvain,30.0,0.9762034382933718,AMI
louvain,30.0,0.9938829676981217,NMI
louvain,30.0,0.95506389211355,AMI
louvain,30.0,0.9884006603496868,NMI
louvain,30.0,0.9816108788233897,AMI
louvain,30.0,0.995284938171106,NMI
louvain,30.0,0.9496860640207282,AMI
louvain,30.0,0.9867508578544895,NMI
louvain,30.0,0.9507692970902096,AMI
louvain,30.0,0.9871732498320285,NMI
louvain,30.0,0.930177891205293,AMI
louvain,30.0,0.9818376843702394,NMI
louvain,30.0,0.9514261911932221,AMI
louvain,30.0,0.9873109403414664,NMI
louvain,30.0,0.9492307806427371,AMI
louvain,30.0,0.9868289973292,NMI
louvain,30.0,0.9551955954180232,AMI
louvain,30.0,0.9883052108754791,NMI
louvain,30.0,0.9715433282888959,AMI
louvain,30.0,0.9925860083372151,NMI
louvain,30.0,0.9506466681943497,AMI
louvain,30.0,0.987083305374068,NMI
louvain,30.0,0.9665441421121017,AMI
louvain,30.0,0.9913064611210001,NMI
louvain,30.0,0.947107343712031,AMI
louvain,30.0,0.9863584874499048,NMI
louvain,30.0,0.9459066373618021,AMI
louvain,30.0,0.9859899383159408,NMI
louvain,30.0,0.9727627403942269,AMI
louvain,30.0,0.992993405458042,NMI
louvain,30.0,0.9788086904598238,AMI
louvain,30.0,0.9945207852347889,NMI
louvain,30.0,0.9699821399202964,AMI
louvain,30.0,0.9922904351827859,NMI
louvain,30.0,0.9584894698998988,AMI
louvain,30.0,0.9892943908713492,NMI
